synthesizer,camera_position,scene,pose_traces,QP,numGroup,psnr_mean,ssim_mean,vmaf_mean,TMIV_encoding_time,TMIV_decoding_time,x265_encoding_time,x265_decoding_time,bitrate,numGroup
AdditiveSynthesizer,6x6,ArchVizInterior,pose0,20,4,47.39454377,0.920561522,52.71654523,662.521,2035.506,17.7736876,3.992146015,14857104,4
AdditiveSynthesizer,6x6,ArchVizInterior,pose1,20,4,46.2182384,0.909604011,58.7966583,662.521,2537.029,17.7736876,3.992146015,14857104,4
AdditiveSynthesizer,6x6,ArchVizInterior,pose2,20,4,46.08691941,0.881987244,62.34267741,662.521,2205.432,17.7736876,3.992146015,14857104,4
AdditiveSynthesizer,6x6,ArchVizInterior,pose3,20,4,50.25104121,0.946085967,61.08074057,662.521,2074.654,17.7736876,3.992146015,14857104,4
AdditiveSynthesizer,6x6,ArchVizInterior,pose4,20,4,46.19334608,0.905837856,55.98158982,662.521,2224.766,17.7736876,3.992146015,14857104,4
AdditiveSynthesizer,6x6,ArchVizInterior,pose5,20,4,49.10301162,0.948221656,68.03705883,662.521,2121.078,17.7736876,3.992146015,14857104,4
AdditiveSynthesizer,6x6,ArchVizInterior,pose6,20,4,50.01917829,0.961611456,71.91354613,662.521,2774.695,17.7736876,3.992146015,14857104,4
AdditiveSynthesizer,6x6,ArchVizInterior,pose7,20,4,45.81998618,0.878992856,59.99190729,662.521,2376.939,17.7736876,3.992146015,14857104,4
AdditiveSynthesizer,6x6,ArchVizInterior,pose8,20,4,47.10224259,0.914357678,27.88066912,662.521,1625.828,17.7736876,3.992146015,14857104,4
AdditiveSynthesizer,6x6,ArchVizInterior,pose9,20,4,49.54324183,0.943807589,60.63642934,662.521,2485.789,17.7736876,3.992146015,14857104,4
ViewWeightingSynthesizer,6x6,ArchVizInterior,pose0,20,4,47.31127079,0.9292553,46.56957703,662.521,2868.808,17.7736876,3.992146015,14857104,4
ViewWeightingSynthesizer,6x6,ArchVizInterior,pose1,20,4,45.58528109,0.885817956,47.67203606,662.521,3401.701,17.7736876,3.992146015,14857104,4
ViewWeightingSynthesizer,6x6,ArchVizInterior,pose2,20,4,45.58328388,0.862895544,53.2863725,662.521,3227.829,17.7736876,3.992146015,14857104,4
ViewWeightingSynthesizer,6x6,ArchVizInterior,pose3,20,4,50.15204476,0.957531856,52.02096711,662.521,2933.594,17.7736876,3.992146015,14857104,4
ViewWeightingSynthesizer,6x6,ArchVizInterior,pose4,20,4,45.83591876,0.9067406,48.06690918,662.521,3155.364,17.7736876,3.992146015,14857104,4
ViewWeightingSynthesizer,6x6,ArchVizInterior,pose5,20,4,48.88639406,0.9489342,58.84755142,662.521,3235.835,17.7736876,3.992146015,14857104,4
ViewWeightingSynthesizer,6x6,ArchVizInterior,pose6,20,4,49.51898004,0.954914511,62.63918114,662.521,3428.134,17.7736876,3.992146015,14857104,4
ViewWeightingSynthesizer,6x6,ArchVizInterior,pose7,20,4,45.63870849,0.872741511,54.3664949,662.521,3293.674,17.7736876,3.992146015,14857104,4
ViewWeightingSynthesizer,6x6,ArchVizInterior,pose8,20,4,46.92889489,0.9107806,23.85175616,662.521,2634.033,17.7736876,3.992146015,14857104,4
ViewWeightingSynthesizer,6x6,ArchVizInterior,pose9,20,4,49.18790061,0.944852811,53.34913063,662.521,3479.206,17.7736876,3.992146015,14857104,4
AdditiveSynthesizer,6x6,ArchVizInterior,pose0,36,4,46.33154691,0.915423444,48.54428836,698.375,2126.216,5.373101234,3.53782773,3744912,4
AdditiveSynthesizer,6x6,ArchVizInterior,pose1,36,4,44.40092129,0.886907756,52.8651966,698.375,2635.694,5.373101234,3.53782773,3744912,4
AdditiveSynthesizer,6x6,ArchVizInterior,pose2,36,4,44.28630168,0.8648558,56.67016033,698.375,2263.028,5.373101234,3.53782773,3744912,4
AdditiveSynthesizer,6x6,ArchVizInterior,pose3,36,4,48.15013036,0.941862911,54.86171594,698.375,2141.663,5.373101234,3.53782773,3744912,4
AdditiveSynthesizer,6x6,ArchVizInterior,pose4,36,4,45.11456387,0.898089633,51.12261191,698.375,2337.695,5.373101234,3.53782773,3744912,4
AdditiveSynthesizer,6x6,ArchVizInterior,pose5,36,4,47.41126821,0.941100456,62.78770312,698.375,2165.609,5.373101234,3.53782773,3744912,4
AdditiveSynthesizer,6x6,ArchVizInterior,pose6,36,4,47.11576094,0.953383611,65.41806124,698.375,2856.636,5.373101234,3.53782773,3744912,4
AdditiveSynthesizer,6x6,ArchVizInterior,pose7,36,4,44.25965621,0.869066933,55.54356971,698.375,2430.992,5.373101234,3.53782773,3744912,4
AdditiveSynthesizer,6x6,ArchVizInterior,pose8,36,4,46.76945281,0.909662578,25.37753407,698.375,1728.945,5.373101234,3.53782773,3744912,4
AdditiveSynthesizer,6x6,ArchVizInterior,pose9,36,4,47.17625107,0.935768956,55.53401921,698.375,2521.433,5.373101234,3.53782773,3744912,4
ViewWeightingSynthesizer,6x6,ArchVizInterior,pose0,36,4,46.01664323,0.922905156,42.56573179,698.375,2864.203,5.373101234,3.53782773,3744912,4
ViewWeightingSynthesizer,6x6,ArchVizInterior,pose1,36,4,44.00562573,0.864730922,42.96401424,698.375,3482.727,5.373101234,3.53782773,3744912,4
ViewWeightingSynthesizer,6x6,ArchVizInterior,pose2,36,4,43.9352542,0.845916833,48.68595463,698.375,3254.409,5.373101234,3.53782773,3744912,4
ViewWeightingSynthesizer,6x6,ArchVizInterior,pose3,36,4,47.75926767,0.950384444,47.04601898,698.375,2782.167,5.373101234,3.53782773,3744912,4
ViewWeightingSynthesizer,6x6,ArchVizInterior,pose4,36,4,44.80592928,0.8971669,43.73885579,698.375,3145.1,5.373101234,3.53782773,3744912,4
ViewWeightingSynthesizer,6x6,ArchVizInterior,pose5,36,4,47.11392006,0.940764311,54.1502834,698.375,3013.635,5.373101234,3.53782773,3744912,4
ViewWeightingSynthesizer,6x6,ArchVizInterior,pose6,36,4,46.68000738,0.945056422,56.4157644,698.375,3272.656,5.373101234,3.53782773,3744912,4
ViewWeightingSynthesizer,6x6,ArchVizInterior,pose7,36,4,43.98318599,0.861529589,50.20290489,698.375,3284.453,5.373101234,3.53782773,3744912,4
ViewWeightingSynthesizer,6x6,ArchVizInterior,pose8,36,4,46.56585049,0.905437389,21.68783864,698.375,2627.123,5.373101234,3.53782773,3744912,4
ViewWeightingSynthesizer,6x6,ArchVizInterior,pose9,36,4,46.79391472,0.934326911,48.68224726,698.375,3364.064,5.373101234,3.53782773,3744912,4
AdditiveSynthesizer,6x6,ArchVizInterior,pose0,44,4,45.01364397,0.902243267,39.132946,667.867,2024.668,4.876381397,3.256852865,1973816,4
AdditiveSynthesizer,6x6,ArchVizInterior,pose1,44,4,43.18153018,0.8469978,42.185163,667.867,2539.078,4.876381397,3.256852865,1973816,4
AdditiveSynthesizer,6x6,ArchVizInterior,pose2,44,4,43.19450771,0.828646633,46.22835247,667.867,2169.272,4.876381397,3.256852865,1973816,4
AdditiveSynthesizer,6x6,ArchVizInterior,pose3,44,4,46.70373373,0.925384378,42.81929926,667.867,2067.708,4.876381397,3.256852865,1973816,4
AdditiveSynthesizer,6x6,ArchVizInterior,pose4,44,4,43.91433496,0.8797116,41.59539943,667.867,2277.69,4.876381397,3.256852865,1973816,4
AdditiveSynthesizer,6x6,ArchVizInterior,pose5,44,4,45.52046242,0.924061489,51.75974556,667.867,2100.4,4.876381397,3.256852865,1973816,4
AdditiveSynthesizer,6x6,ArchVizInterior,pose6,44,4,45.73878911,0.9341662,52.11152302,667.867,2728.139,4.876381397,3.256852865,1973816,4
AdditiveSynthesizer,6x6,ArchVizInterior,pose7,44,4,43.30430371,0.8469997,46.83021286,667.867,2364.827,4.876381397,3.256852865,1973816,4
AdditiveSynthesizer,6x6,ArchVizInterior,pose8,44,4,45.03606572,0.898528367,19.98889771,667.867,1687.848,4.876381397,3.256852865,1973816,4
AdditiveSynthesizer,6x6,ArchVizInterior,pose9,44,4,45.69635152,0.915551189,44.84449468,667.867,2480.138,4.876381397,3.256852865,1973816,4
ViewWeightingSynthesizer,6x6,ArchVizInterior,pose0,44,4,44.66348968,0.908114456,33.77597861,667.867,2852.557,4.876381397,3.256852865,1973816,4
ViewWeightingSynthesizer,6x6,ArchVizInterior,pose1,44,4,42.87383871,0.8255524,34.43755094,667.867,3467.421,4.876381397,3.256852865,1973816,4
ViewWeightingSynthesizer,6x6,ArchVizInterior,pose2,44,4,42.8895705,0.809199856,39.90091391,667.867,3246.878,4.876381397,3.256852865,1973816,4
ViewWeightingSynthesizer,6x6,ArchVizInterior,pose3,44,4,46.27021603,0.933340411,35.63113149,667.867,2923.857,4.876381397,3.256852865,1973816,4
ViewWeightingSynthesizer,6x6,ArchVizInterior,pose4,44,4,43.639482,0.877351667,34.73959562,667.867,3127.127,4.876381397,3.256852865,1973816,4
ViewWeightingSynthesizer,6x6,ArchVizInterior,pose5,44,4,45.24627138,0.921916478,44.06625437,667.867,3279.328,4.876381397,3.256852865,1973816,4
ViewWeightingSynthesizer,6x6,ArchVizInterior,pose6,44,4,45.33917889,0.922231044,43.51371673,667.867,3444.466,4.876381397,3.256852865,1973816,4
ViewWeightingSynthesizer,6x6,ArchVizInterior,pose7,44,4,42.96434877,0.836976378,42.2127699,667.867,3261.017,4.876381397,3.256852865,1973816,4
ViewWeightingSynthesizer,6x6,ArchVizInterior,pose8,44,4,44.82718322,0.893098467,17.22397531,667.867,2659.175,4.876381397,3.256852865,1973816,4
ViewWeightingSynthesizer,6x6,ArchVizInterior,pose9,44,4,45.25791627,0.912843778,39.16928004,667.867,3419.123,4.876381397,3.256852865,1973816,4
AdditiveSynthesizer,6x6,ArchVizInterior,pose0,48,4,43.79153103,0.890771211,31.91286507,656.94,2045.028,12.0437808,9.582988501,1491160,4
AdditiveSynthesizer,6x6,ArchVizInterior,pose1,48,4,42.00855604,0.8096859,34.24476483,656.94,2491.476,12.0437808,9.582988501,1491160,4
AdditiveSynthesizer,6x6,ArchVizInterior,pose2,48,4,41.89794354,0.791369978,38.47850619,656.94,2191.773,12.0437808,9.582988501,1491160,4
AdditiveSynthesizer,6x6,ArchVizInterior,pose3,48,4,44.38305769,0.9103218,33.75274148,656.94,2068.882,12.0437808,9.582988501,1491160,4
AdditiveSynthesizer,6x6,ArchVizInterior,pose4,48,4,42.96518621,0.863222922,34.3528487,656.94,2227.077,12.0437808,9.582988501,1491160,4
AdditiveSynthesizer,6x6,ArchVizInterior,pose5,48,4,43.99034497,0.908284811,42.95485421,656.94,2006.438,12.0437808,9.582988501,1491160,4
AdditiveSynthesizer,6x6,ArchVizInterior,pose6,48,4,44.2326251,0.913707,41.71772757,656.94,2786.65,12.0437808,9.582988501,1491160,4
AdditiveSynthesizer,6x6,ArchVizInterior,pose7,48,4,42.19867636,0.825740411,39.6615235,656.94,2398.797,12.0437808,9.582988501,1491160,4
AdditiveSynthesizer,6x6,ArchVizInterior,pose8,48,4,44.02343683,0.888245533,16.07247921,656.94,1606.182,12.0437808,9.582988501,1491160,4
AdditiveSynthesizer,6x6,ArchVizInterior,pose9,48,4,44.20869571,0.897080244,36.87715758,656.94,2437.249,12.0437808,9.582988501,1491160,4
ViewWeightingSynthesizer,6x6,ArchVizInterior,pose0,48,4,43.55338489,0.895064722,27.0734915,656.94,2832.973,12.0437808,9.582988501,1491160,4
ViewWeightingSynthesizer,6x6,ArchVizInterior,pose1,48,4,41.81702436,0.789561911,27.59450991,656.94,3400.995,12.0437808,9.582988501,1491160,4
ViewWeightingSynthesizer,6x6,ArchVizInterior,pose2,48,4,41.68996672,0.773492256,33.56353289,656.94,3178.928,12.0437808,9.582988501,1491160,4
ViewWeightingSynthesizer,6x6,ArchVizInterior,pose3,48,4,44.35560874,0.918122778,27.44300507,656.94,2911.392,12.0437808,9.582988501,1491160,4
ViewWeightingSynthesizer,6x6,ArchVizInterior,pose4,48,4,42.7047436,0.859878767,27.8310091,656.94,3196.495,12.0437808,9.582988501,1491160,4
ViewWeightingSynthesizer,6x6,ArchVizInterior,pose5,48,4,43.73257923,0.904542156,35.86886746,656.94,3311.053,12.0437808,9.582988501,1491160,4
ViewWeightingSynthesizer,6x6,ArchVizInterior,pose6,48,4,43.76246962,0.900275689,34.24249641,656.94,3468.596,12.0437808,9.582988501,1491160,4
ViewWeightingSynthesizer,6x6,ArchVizInterior,pose7,48,4,41.87128583,0.815073956,35.52957814,656.94,3251.579,12.0437808,9.582988501,1491160,4
ViewWeightingSynthesizer,6x6,ArchVizInterior,pose8,48,4,43.75241874,0.881554789,13.52918741,656.94,2620.646,12.0437808,9.582988501,1491160,4
ViewWeightingSynthesizer,6x6,ArchVizInterior,pose9,48,4,44.09990801,0.893129878,31.78752761,656.94,3223.967,12.0437808,9.582988501,1491160,4
AdditiveSynthesizer,6x6,ArchVizInterior,pose0,50,4,42.64464149,0.8847932,27.44138848,641.136,1893.454,3.68987608,3.083024263,1330616,4
AdditiveSynthesizer,6x6,ArchVizInterior,pose1,50,4,41.43352976,0.789813656,31.30566283,641.136,2501.335,3.68987608,3.083024263,1330616,4
AdditiveSynthesizer,6x6,ArchVizInterior,pose2,50,4,41.23506563,0.766427978,35.06382201,641.136,2160.036,3.68987608,3.083024263,1330616,4
AdditiveSynthesizer,6x6,ArchVizInterior,pose3,50,4,42.99822116,0.904299878,28.10132737,641.136,2000.87,3.68987608,3.083024263,1330616,4
AdditiveSynthesizer,6x6,ArchVizInterior,pose4,50,4,42.09309651,0.855767467,30.65480369,641.136,2225.978,3.68987608,3.083024263,1330616,4
AdditiveSynthesizer,6x6,ArchVizInterior,pose5,50,4,42.64173951,0.8994421,38.32702403,641.136,2107.779,3.68987608,3.083024263,1330616,4
AdditiveSynthesizer,6x6,ArchVizInterior,pose6,50,4,43.22723044,0.901564578,36.06047267,641.136,2762.217,3.68987608,3.083024263,1330616,4
AdditiveSynthesizer,6x6,ArchVizInterior,pose7,50,4,41.5805059,0.813395156,36.08314336,641.136,2384.583,3.68987608,3.083024263,1330616,4
AdditiveSynthesizer,6x6,ArchVizInterior,pose8,50,4,42.9472984,0.882259522,13.9098914,641.136,1689.011,3.68987608,3.083024263,1330616,4
AdditiveSynthesizer,6x6,ArchVizInterior,pose9,50,4,43.09404283,0.889280589,32.58772174,641.136,2484.135,3.68987608,3.083024263,1330616,4
ViewWeightingSynthesizer,6x6,ArchVizInterior,pose0,50,4,42.51014138,0.887400133,22.57059877,641.136,2902.114,3.68987608,3.083024263,1330616,4
ViewWeightingSynthesizer,6x6,ArchVizInterior,pose1,50,4,41.23282687,0.768014922,24.74127793,641.136,3485.279,3.68987608,3.083024263,1330616,4
ViewWeightingSynthesizer,6x6,ArchVizInterior,pose2,50,4,41.08512339,0.749231378,30.40053559,641.136,3228.72,3.68987608,3.083024263,1330616,4
ViewWeightingSynthesizer,6x6,ArchVizInterior,pose3,50,4,42.94768193,0.908899133,22.33602336,641.136,2932.091,3.68987608,3.083024263,1330616,4
ViewWeightingSynthesizer,6x6,ArchVizInterior,pose4,50,4,41.95009948,0.849863367,24.38015688,641.136,3184.998,3.68987608,3.083024263,1330616,4
ViewWeightingSynthesizer,6x6,ArchVizInterior,pose5,50,4,42.6108496,0.893835322,31.52585679,641.136,3298.129,3.68987608,3.083024263,1330616,4
ViewWeightingSynthesizer,6x6,ArchVizInterior,pose6,50,4,43.04035254,0.887382644,29.01850553,641.136,3436.898,3.68987608,3.083024263,1330616,4
ViewWeightingSynthesizer,6x6,ArchVizInterior,pose7,50,4,41.4141584,0.801796367,31.80694924,641.136,3267.506,3.68987608,3.083024263,1330616,4
ViewWeightingSynthesizer,6x6,ArchVizInterior,pose8,50,4,42.87172039,0.875466422,11.66036459,641.136,2620.1,3.68987608,3.083024263,1330616,4
ViewWeightingSynthesizer,6x6,ArchVizInterior,pose9,50,4,43.00812916,0.882401644,27.5208348,641.136,3411.608,3.68987608,3.083024263,1330616,4
AdditiveSynthesizer,9x4,ArchVizInterior,pose0,20,4,47.3821536,0.931884322,51.92900634,638.084,1770.019,31.05150771,19.1603334,13187512,4
AdditiveSynthesizer,9x4,ArchVizInterior,pose1,20,4,46.5328333,0.861928456,52.21552114,638.084,2029.632,31.05150771,19.1603334,13187512,4
AdditiveSynthesizer,9x4,ArchVizInterior,pose2,20,4,44.43127247,0.811573411,55.42708371,638.084,1799.551,31.05150771,19.1603334,13187512,4
AdditiveSynthesizer,9x4,ArchVizInterior,pose3,20,4,49.12471621,0.960073678,60.18241451,638.084,1836.934,31.05150771,19.1603334,13187512,4
AdditiveSynthesizer,9x4,ArchVizInterior,pose4,20,4,47.07936812,0.917274033,55.24754636,638.084,1925.991,31.05150771,19.1603334,13187512,4
AdditiveSynthesizer,9x4,ArchVizInterior,pose5,20,4,48.6256119,0.957248522,69.79505253,638.084,1745.94,31.05150771,19.1603334,13187512,4
AdditiveSynthesizer,9x4,ArchVizInterior,pose6,20,4,50.37029783,0.964166267,69.6243842,638.084,2248.326,31.05150771,19.1603334,13187512,4
AdditiveSynthesizer,9x4,ArchVizInterior,pose7,20,4,45.84411509,0.871602589,59.71211624,638.084,2038.89,31.05150771,19.1603334,13187512,4
AdditiveSynthesizer,9x4,ArchVizInterior,pose8,20,4,46.37682728,0.914954767,28.41005501,638.084,1452.516,31.05150771,19.1603334,13187512,4
AdditiveSynthesizer,9x4,ArchVizInterior,pose9,20,4,49.61559006,0.952305078,61.84551557,638.084,2057.729,31.05150771,19.1603334,13187512,4
ViewWeightingSynthesizer,9x4,ArchVizInterior,pose0,20,4,47.17700021,0.927022078,48.37512318,638.084,2742.64,31.05150771,19.1603334,13187512,4
ViewWeightingSynthesizer,9x4,ArchVizInterior,pose1,20,4,45.99789122,0.850416778,45.05184782,638.084,2948.078,31.05150771,19.1603334,13187512,4
ViewWeightingSynthesizer,9x4,ArchVizInterior,pose2,20,4,44.08507383,0.803004811,49.46585951,638.084,2832.641,31.05150771,19.1603334,13187512,4
ViewWeightingSynthesizer,9x4,ArchVizInterior,pose3,20,4,48.93132386,0.955072022,52.03610564,638.084,2853.631,31.05150771,19.1603334,13187512,4
ViewWeightingSynthesizer,9x4,ArchVizInterior,pose4,20,4,46.74669753,0.913152967,49.19800054,638.084,3045.842,31.05150771,19.1603334,13187512,4
ViewWeightingSynthesizer,9x4,ArchVizInterior,pose5,20,4,48.28782622,0.952609778,64.42863397,638.084,3162.403,31.05150771,19.1603334,13187512,4
ViewWeightingSynthesizer,9x4,ArchVizInterior,pose6,20,4,49.8763187,0.959033011,62.08830997,638.084,3320.437,31.05150771,19.1603334,13187512,4
ViewWeightingSynthesizer,9x4,ArchVizInterior,pose7,20,4,45.6486447,0.866162011,54.96261661,638.084,3176.49,31.05150771,19.1603334,13187512,4
ViewWeightingSynthesizer,9x4,ArchVizInterior,pose8,20,4,46.20062266,0.912010711,25.7160712,638.084,2585.623,31.05150771,19.1603334,13187512,4
ViewWeightingSynthesizer,9x4,ArchVizInterior,pose9,20,4,49.10594014,0.945408633,54.062302,638.084,3186.691,31.05150771,19.1603334,13187512,4
AdditiveSynthesizer,9x4,ArchVizInterior,pose0,36,4,45.56753171,0.922999622,47.96337204,613.279,1714.329,5.068071604,3.310019732,3333816,4
AdditiveSynthesizer,9x4,ArchVizInterior,pose1,36,4,44.63326113,0.847445156,48.06586807,613.279,2009.82,5.068071604,3.310019732,3333816,4
AdditiveSynthesizer,9x4,ArchVizInterior,pose2,36,4,43.46921098,0.800623256,51.55773406,613.279,1794.398,5.068071604,3.310019732,3333816,4
AdditiveSynthesizer,9x4,ArchVizInterior,pose3,36,4,45.90549839,0.949976344,54.68355791,613.279,1797.711,5.068071604,3.310019732,3333816,4
AdditiveSynthesizer,9x4,ArchVizInterior,pose4,36,4,45.79123252,0.908168411,50.82746117,613.279,1898.726,5.068071604,3.310019732,3333816,4
AdditiveSynthesizer,9x4,ArchVizInterior,pose5,36,4,45.99440083,0.948525744,65.00440546,613.279,1727.601,5.068071604,3.310019732,3333816,4
AdditiveSynthesizer,9x4,ArchVizInterior,pose6,36,4,47.09998353,0.955808467,63.37202852,613.279,2229.562,5.068071604,3.310019732,3333816,4
AdditiveSynthesizer,9x4,ArchVizInterior,pose7,36,4,44.29460692,0.862803756,55.8165761,613.279,1994.229,5.068071604,3.310019732,3333816,4
AdditiveSynthesizer,9x4,ArchVizInterior,pose8,36,4,44.72350173,0.908575378,25.97614964,613.279,1415.851,5.068071604,3.310019732,3333816,4
AdditiveSynthesizer,9x4,ArchVizInterior,pose9,36,4,46.80151913,0.943899678,56.70722437,613.279,2041.186,5.068071604,3.310019732,3333816,4
ViewWeightingSynthesizer,9x4,ArchVizInterior,pose0,36,4,45.28020273,0.917713489,44.94797004,613.279,2750.159,5.068071604,3.310019732,3333816,4
ViewWeightingSynthesizer,9x4,ArchVizInterior,pose1,36,4,44.28289097,0.835332967,41.44675021,613.279,3221.248,5.068071604,3.310019732,3333816,4
ViewWeightingSynthesizer,9x4,ArchVizInterior,pose2,36,4,43.15338174,0.7908519,46.21092996,613.279,2981.816,5.068071604,3.310019732,3333816,4
ViewWeightingSynthesizer,9x4,ArchVizInterior,pose3,36,4,45.7534589,0.943975222,47.53091019,613.279,2790.685,5.068071604,3.310019732,3333816,4
ViewWeightingSynthesizer,9x4,ArchVizInterior,pose4,36,4,45.44778714,0.902435011,45.06294484,613.279,2995.04,5.068071604,3.310019732,3333816,4
ViewWeightingSynthesizer,9x4,ArchVizInterior,pose5,36,4,45.68617608,0.942415911,59.62139497,613.279,3047.23,5.068071604,3.310019732,3333816,4
ViewWeightingSynthesizer,9x4,ArchVizInterior,pose6,36,4,46.63106817,0.949286911,56.13631651,613.279,3166.281,5.068071604,3.310019732,3333816,4
ViewWeightingSynthesizer,9x4,ArchVizInterior,pose7,36,4,44.01919799,0.856285933,51.31092874,613.279,3023.682,5.068071604,3.310019732,3333816,4
ViewWeightingSynthesizer,9x4,ArchVizInterior,pose8,36,4,44.54434037,0.905171822,23.31213157,613.279,2459.967,5.068071604,3.310019732,3333816,4
ViewWeightingSynthesizer,9x4,ArchVizInterior,pose9,36,4,46.50674019,0.935929278,49.80955749,613.279,3101.09,5.068071604,3.310019732,3333816,4
AdditiveSynthesizer,9x4,ArchVizInterior,pose0,44,4,44.71245492,0.903167478,39.66661668,628.2,1657.876,12.36847854,3.505165577,1768192,4
AdditiveSynthesizer,9x4,ArchVizInterior,pose1,44,4,43.41041737,0.816464233,39.80965368,628.2,2001.131,12.36847854,3.505165577,1768192,4
AdditiveSynthesizer,9x4,ArchVizInterior,pose2,44,4,42.50431766,0.774157256,44.07213666,628.2,1796.136,12.36847854,3.505165577,1768192,4
AdditiveSynthesizer,9x4,ArchVizInterior,pose3,44,4,44.5768758,0.926869844,43.84607789,628.2,1798.101,12.36847854,3.505165577,1768192,4
AdditiveSynthesizer,9x4,ArchVizInterior,pose4,44,4,44.35850694,0.886377644,42.12384403,628.2,1894.055,12.36847854,3.505165577,1768192,4
AdditiveSynthesizer,9x4,ArchVizInterior,pose5,44,4,44.73992756,0.9262298,54.49327249,628.2,1770.809,12.36847854,3.505165577,1768192,4
AdditiveSynthesizer,9x4,ArchVizInterior,pose6,44,4,45.58539568,0.935360011,51.51505568,628.2,2234.912,12.36847854,3.505165577,1768192,4
AdditiveSynthesizer,9x4,ArchVizInterior,pose7,44,4,43.4703709,0.843050422,47.84417046,628.2,2061.465,12.36847854,3.505165577,1768192,4
AdditiveSynthesizer,9x4,ArchVizInterior,pose8,44,4,44.21134691,0.893201411,20.74787403,628.2,1450.92,12.36847854,3.505165577,1768192,4
AdditiveSynthesizer,9x4,ArchVizInterior,pose9,44,4,45.19561122,0.924089244,46.81507033,628.2,2019.363,12.36847854,3.505165577,1768192,4
ViewWeightingSynthesizer,9x4,ArchVizInterior,pose0,44,4,44.49571818,0.895934933,37.21130644,628.2,2778.197,12.36847854,3.505165577,1768192,4
ViewWeightingSynthesizer,9x4,ArchVizInterior,pose1,44,4,43.16131044,0.804916422,34.5165564,628.2,3150.543,12.36847854,3.505165577,1768192,4
ViewWeightingSynthesizer,9x4,ArchVizInterior,pose2,44,4,42.17892437,0.763136189,39.74528237,628.2,3038.539,12.36847854,3.505165577,1768192,4
ViewWeightingSynthesizer,9x4,ArchVizInterior,pose3,44,4,44.45931266,0.917348033,38.15503661,628.2,2775.192,12.36847854,3.505165577,1768192,4
ViewWeightingSynthesizer,9x4,ArchVizInterior,pose4,44,4,44.04291441,0.878156422,36.83480431,628.2,2937.679,12.36847854,3.505165577,1768192,4
ViewWeightingSynthesizer,9x4,ArchVizInterior,pose5,44,4,44.42677063,0.916655278,50.01739291,628.2,3128.035,12.36847854,3.505165577,1768192,4
ViewWeightingSynthesizer,9x4,ArchVizInterior,pose6,44,4,45.1738318,0.925538233,44.58163259,628.2,3261.456,12.36847854,3.505165577,1768192,4
ViewWeightingSynthesizer,9x4,ArchVizInterior,pose7,44,4,43.1827452,0.834546,43.81403803,628.2,3057.382,12.36847854,3.505165577,1768192,4
ViewWeightingSynthesizer,9x4,ArchVizInterior,pose8,44,4,43.99857553,0.887973322,18.60648582,628.2,2560.782,12.36847854,3.505165577,1768192,4
ViewWeightingSynthesizer,9x4,ArchVizInterior,pose9,44,4,44.97541132,0.914359756,40.61247539,628.2,3324.638,12.36847854,3.505165577,1768192,4
AdditiveSynthesizer,9x4,ArchVizInterior,pose0,48,4,43.61816857,0.880646956,31.87168974,634.285,1618.628,4.229322433,2.975800276,1337888,4
AdditiveSynthesizer,9x4,ArchVizInterior,pose1,48,4,42.18876926,0.783962067,33.08500129,634.285,2024.277,4.229322433,2.975800276,1337888,4
AdditiveSynthesizer,9x4,ArchVizInterior,pose2,48,4,41.52515392,0.745749689,37.88546148,634.285,1809.795,4.229322433,2.975800276,1337888,4
AdditiveSynthesizer,9x4,ArchVizInterior,pose3,48,4,44.40133546,0.897926044,33.14161164,634.285,1782.896,4.229322433,2.975800276,1337888,4
AdditiveSynthesizer,9x4,ArchVizInterior,pose4,48,4,42.21126766,0.864423533,34.21888534,634.285,1927.386,4.229322433,2.975800276,1337888,4
AdditiveSynthesizer,9x4,ArchVizInterior,pose5,48,4,43.60350954,0.902765078,45.4083579,634.285,1736.946,4.229322433,2.975800276,1337888,4
AdditiveSynthesizer,9x4,ArchVizInterior,pose6,48,4,44.14346203,0.912714778,40.61600109,634.285,2220.072,4.229322433,2.975800276,1337888,4
AdditiveSynthesizer,9x4,ArchVizInterior,pose7,48,4,42.30432672,0.822912044,40.78705064,634.285,2060.237,4.229322433,2.975800276,1337888,4
AdditiveSynthesizer,9x4,ArchVizInterior,pose8,48,4,42.7939495,0.878933367,16.38462583,634.285,1430.115,4.229322433,2.975800276,1337888,4
AdditiveSynthesizer,9x4,ArchVizInterior,pose9,48,4,44.20549331,0.9051437,37.55392111,634.285,2048.386,4.229322433,2.975800276,1337888,4
ViewWeightingSynthesizer,9x4,ArchVizInterior,pose0,48,4,43.40577756,0.8708964,29.7227266,634.285,2799.271,4.229322433,2.975800276,1337888,4
ViewWeightingSynthesizer,9x4,ArchVizInterior,pose1,48,4,41.96037339,0.771982144,28.47383631,634.285,3256.666,4.229322433,2.975800276,1337888,4
ViewWeightingSynthesizer,9x4,ArchVizInterior,pose2,48,4,41.26580572,0.7341303,34.3200204,634.285,2985.835,4.229322433,2.975800276,1337888,4
ViewWeightingSynthesizer,9x4,ArchVizInterior,pose3,48,4,44.28173689,0.886668922,28.3370556,634.285,2813.011,4.229322433,2.975800276,1337888,4
ViewWeightingSynthesizer,9x4,ArchVizInterior,pose4,48,4,41.87815101,0.854776389,28.92749166,634.285,3050.368,4.229322433,2.975800276,1337888,4
ViewWeightingSynthesizer,9x4,ArchVizInterior,pose5,48,4,43.31946916,0.890996433,41.73323889,634.285,3101.383,4.229322433,2.975800276,1337888,4
ViewWeightingSynthesizer,9x4,ArchVizInterior,pose6,48,4,43.78742382,0.900559833,34.37842494,634.285,3198.369,4.229322433,2.975800276,1337888,4
ViewWeightingSynthesizer,9x4,ArchVizInterior,pose7,48,4,42.04163428,0.812870389,36.70543652,634.285,3131.542,4.229322433,2.975800276,1337888,4
ViewWeightingSynthesizer,9x4,ArchVizInterior,pose8,48,4,42.61403434,0.872255633,15.10033182,634.285,2471.582,4.229322433,2.975800276,1337888,4
ViewWeightingSynthesizer,9x4,ArchVizInterior,pose9,48,4,44.01354082,0.894522978,32.70211964,634.285,3280.287,4.229322433,2.975800276,1337888,4
AdditiveSynthesizer,9x4,ArchVizInterior,pose0,50,4,41.54764648,0.870927856,27.35852514,607.912,1624.009,4.293245792,2.792312145,1195976,4
AdditiveSynthesizer,9x4,ArchVizInterior,pose1,50,4,41.3185895,0.765245178,29.97685028,607.912,2035.363,4.293245792,2.792312145,1195976,4
AdditiveSynthesizer,9x4,ArchVizInterior,pose2,50,4,40.5298628,0.725935956,34.82916472,607.912,1770.419,4.293245792,2.792312145,1195976,4
AdditiveSynthesizer,9x4,ArchVizInterior,pose3,50,4,41.74354949,0.885486922,28.4034671,607.912,1813.878,4.293245792,2.792312145,1195976,4
AdditiveSynthesizer,9x4,ArchVizInterior,pose4,50,4,40.79347039,0.852055989,30.19704771,607.912,1892.276,4.293245792,2.792312145,1195976,4
AdditiveSynthesizer,9x4,ArchVizInterior,pose5,50,4,41.55475824,0.8902813,40.2085405,607.912,1754.267,4.293245792,2.792312145,1195976,4
AdditiveSynthesizer,9x4,ArchVizInterior,pose6,50,4,42.55974547,0.898962767,34.38718614,607.912,2271.793,4.293245792,2.792312145,1195976,4
AdditiveSynthesizer,9x4,ArchVizInterior,pose7,50,4,41.33154283,0.809959522,37.12609383,607.912,1942.46,4.293245792,2.792312145,1195976,4
AdditiveSynthesizer,9x4,ArchVizInterior,pose8,50,4,41.05687779,0.870456122,14.30440084,607.912,1447.793,4.293245792,2.792312145,1195976,4
AdditiveSynthesizer,9x4,ArchVizInterior,pose9,50,4,42.77574519,0.893441878,33.04881101,607.912,1964.608,4.293245792,2.792312145,1195976,4
ViewWeightingSynthesizer,9x4,ArchVizInterior,pose0,50,4,41.25843362,0.862065333,25.48835694,607.912,2825.607,4.293245792,2.792312145,1195976,4
ViewWeightingSynthesizer,9x4,ArchVizInterior,pose1,50,4,41.09209148,0.753600411,25.41337934,607.912,3310.717,4.293245792,2.792312145,1195976,4
ViewWeightingSynthesizer,9x4,ArchVizInterior,pose2,50,4,40.22341678,0.713052978,31.27266753,607.912,3001.466,4.293245792,2.792312145,1195976,4
ViewWeightingSynthesizer,9x4,ArchVizInterior,pose3,50,4,41.5623373,0.874066467,23.39132543,607.912,2722.768,4.293245792,2.792312145,1195976,4
ViewWeightingSynthesizer,9x4,ArchVizInterior,pose4,50,4,40.48250921,0.841647511,25.13783961,607.912,3060.968,4.293245792,2.792312145,1195976,4
ViewWeightingSynthesizer,9x4,ArchVizInterior,pose5,50,4,41.14526296,0.877678133,36.07385929,607.912,3161.345,4.293245792,2.792312145,1195976,4
ViewWeightingSynthesizer,9x4,ArchVizInterior,pose6,50,4,42.04655682,0.885907756,28.35375357,607.912,3325.733,4.293245792,2.792312145,1195976,4
ViewWeightingSynthesizer,9x4,ArchVizInterior,pose7,50,4,41.05390106,0.799077689,33.20644892,607.912,3222.189,4.293245792,2.792312145,1195976,4
ViewWeightingSynthesizer,9x4,ArchVizInterior,pose8,50,4,40.78220302,0.862853056,12.66740683,607.912,2560.907,4.293245792,2.792312145,1195976,4
ViewWeightingSynthesizer,9x4,ArchVizInterior,pose9,50,4,42.50672352,0.882078,28.2561507,607.912,3377.835,4.293245792,2.792312145,1195976,4
AdditiveSynthesizer,12x3,ArchVizInterior,pose0,20,4,48.47904509,0.938091067,50.03587508,596.446,1497.076,5.586036444,3.850867748,10969696,4
AdditiveSynthesizer,12x3,ArchVizInterior,pose1,20,4,44.31740821,0.76838,31.76425821,596.446,1919.883,5.586036444,3.850867748,10969696,4
AdditiveSynthesizer,12x3,ArchVizInterior,pose2,20,4,42.2352245,0.746659689,43.81811712,596.446,1520.422,5.586036444,3.850867748,10969696,4
AdditiveSynthesizer,12x3,ArchVizInterior,pose3,20,4,50.32604684,0.9585486,56.80895869,596.446,1609.199,5.586036444,3.850867748,10969696,4
AdditiveSynthesizer,12x3,ArchVizInterior,pose4,20,4,47.06818167,0.898851633,46.36525399,596.446,1697.365,5.586036444,3.850867748,10969696,4
AdditiveSynthesizer,12x3,ArchVizInterior,pose5,20,4,48.81996522,0.951218233,67.10009313,596.446,1572.86,5.586036444,3.850867748,10969696,4
AdditiveSynthesizer,12x3,ArchVizInterior,pose6,20,4,49.79338071,0.951243978,62.87669122,596.446,1820.341,5.586036444,3.850867748,10969696,4
AdditiveSynthesizer,12x3,ArchVizInterior,pose7,20,4,45.57695896,0.851317133,56.21853936,596.446,1767.223,5.586036444,3.850867748,10969696,4
AdditiveSynthesizer,12x3,ArchVizInterior,pose8,20,4,47.04784338,0.910034833,25.32719792,596.446,1300.389,5.586036444,3.850867748,10969696,4
AdditiveSynthesizer,12x3,ArchVizInterior,pose9,20,4,49.95776323,0.953637856,59.1475568,596.446,1810.656,5.586036444,3.850867748,10969696,4
ViewWeightingSynthesizer,12x3,ArchVizInterior,pose0,20,4,48.22897467,0.9342878,46.10911037,596.446,2685.374,5.586036444,3.850867748,10969696,4
ViewWeightingSynthesizer,12x3,ArchVizInterior,pose1,20,4,43.93828763,0.759313089,28.11187867,596.446,2944.974,5.586036444,3.850867748,10969696,4
ViewWeightingSynthesizer,12x3,ArchVizInterior,pose2,20,4,42.10567256,0.743507867,40.8043153,596.446,2770.823,5.586036444,3.850867748,10969696,4
ViewWeightingSynthesizer,12x3,ArchVizInterior,pose3,20,4,50.04673674,0.953032722,49.66031597,596.446,2728.746,5.586036444,3.850867748,10969696,4
ViewWeightingSynthesizer,12x3,ArchVizInterior,pose4,20,4,46.6958965,0.894963356,41.55049668,596.446,2943.516,5.586036444,3.850867748,10969696,4
ViewWeightingSynthesizer,12x3,ArchVizInterior,pose5,20,4,48.59116622,0.948446844,61.79012614,596.446,3076.153,5.586036444,3.850867748,10969696,4
ViewWeightingSynthesizer,12x3,ArchVizInterior,pose6,20,4,49.44777459,0.946865922,56.2501925,596.446,3207.91,5.586036444,3.850867748,10969696,4
ViewWeightingSynthesizer,12x3,ArchVizInterior,pose7,20,4,45.44773681,0.848053556,52.86995623,596.446,3043.809,5.586036444,3.850867748,10969696,4
ViewWeightingSynthesizer,12x3,ArchVizInterior,pose8,20,4,46.92479416,0.906949689,22.86628524,596.446,2531.116,5.586036444,3.850867748,10969696,4
ViewWeightingSynthesizer,12x3,ArchVizInterior,pose9,20,4,49.58243692,0.948343056,54.18030273,596.446,3240.777,5.586036444,3.850867748,10969696,4
AdditiveSynthesizer,12x3,ArchVizInterior,pose0,36,4,46.86379983,0.933303078,46.55881979,589.257,1473.472,5.387755156,4.579972744,2836120,4
AdditiveSynthesizer,12x3,ArchVizInterior,pose1,36,4,42.89681107,0.757218089,29.95626983,589.257,1901.868,5.387755156,4.579972744,2836120,4
AdditiveSynthesizer,12x3,ArchVizInterior,pose2,36,4,41.96582607,0.738401744,41.53691457,589.257,1459.081,5.387755156,4.579972744,2836120,4
AdditiveSynthesizer,12x3,ArchVizInterior,pose3,36,4,48.21110297,0.953039844,51.88012209,589.257,1569.516,5.387755156,4.579972744,2836120,4
AdditiveSynthesizer,12x3,ArchVizInterior,pose4,36,4,45.556524,0.892299144,42.91346128,589.257,1738.248,5.387755156,4.579972744,2836120,4
AdditiveSynthesizer,12x3,ArchVizInterior,pose5,36,4,46.96398272,0.945037856,62.70159683,589.257,1578.604,5.387755156,4.579972744,2836120,4
AdditiveSynthesizer,12x3,ArchVizInterior,pose6,36,4,47.00134027,0.944428956,57.74462856,589.257,1799.917,5.387755156,4.579972744,2836120,4
AdditiveSynthesizer,12x3,ArchVizInterior,pose7,36,4,44.0176867,0.843713467,52.98541272,589.257,1725.381,5.387755156,4.579972744,2836120,4
AdditiveSynthesizer,12x3,ArchVizInterior,pose8,36,4,46.36331829,0.905956122,23.05966173,589.257,1298.895,5.387755156,4.579972744,2836120,4
AdditiveSynthesizer,12x3,ArchVizInterior,pose9,36,4,47.4722747,0.946476289,54.66422032,589.257,1776.698,5.387755156,4.579972744,2836120,4
ViewWeightingSynthesizer,12x3,ArchVizInterior,pose0,36,4,46.58476953,0.929269856,42.95071366,589.257,2693.549,5.387755156,4.579972744,2836120,4
ViewWeightingSynthesizer,12x3,ArchVizInterior,pose1,36,4,42.67480454,0.748930789,26.64838637,589.257,2959.738,5.387755156,4.579972744,2836120,4
ViewWeightingSynthesizer,12x3,ArchVizInterior,pose2,36,4,41.796665,0.734438556,38.89499058,589.257,2826.592,5.387755156,4.579972744,2836120,4
ViewWeightingSynthesizer,12x3,ArchVizInterior,pose3,36,4,47.81144666,0.946939444,45.26950149,589.257,2729.989,5.387755156,4.579972744,2836120,4
ViewWeightingSynthesizer,12x3,ArchVizInterior,pose4,36,4,45.27043127,0.8878996,38.26216631,589.257,2927.194,5.387755156,4.579972744,2836120,4
ViewWeightingSynthesizer,12x3,ArchVizInterior,pose5,36,4,46.61875883,0.9411718,57.57547922,589.257,3079.547,5.387755156,4.579972744,2836120,4
ViewWeightingSynthesizer,12x3,ArchVizInterior,pose6,36,4,46.61043119,0.938476956,51.05469328,589.257,3169.399,5.387755156,4.579972744,2836120,4
ViewWeightingSynthesizer,12x3,ArchVizInterior,pose7,36,4,43.79603397,0.839478633,49.77067338,589.257,3000.813,5.387755156,4.579972744,2836120,4
ViewWeightingSynthesizer,12x3,ArchVizInterior,pose8,36,4,46.17468574,0.902711367,20.93659114,589.257,2522.137,5.387755156,4.579972744,2836120,4
ViewWeightingSynthesizer,12x3,ArchVizInterior,pose9,36,4,47.16248597,0.940174467,50.34926442,589.257,3173.108,5.387755156,4.579972744,2836120,4
AdditiveSynthesizer,12x3,ArchVizInterior,pose0,44,4,45.94229016,0.922135689,38.22844414,593.642,1447.173,5.17434144,3.694761992,1522728,4
AdditiveSynthesizer,12x3,ArchVizInterior,pose1,44,4,41.83050788,0.730944489,25.62337481,593.642,1904.085,5.17434144,3.694761992,1522728,4
AdditiveSynthesizer,12x3,ArchVizInterior,pose2,44,4,40.97867207,0.717543356,36.59975552,593.642,1461.612,5.17434144,3.694761992,1522728,4
AdditiveSynthesizer,12x3,ArchVizInterior,pose3,44,4,47.02511863,0.939499356,42.04280552,593.642,1588.83,5.17434144,3.694761992,1522728,4
AdditiveSynthesizer,12x3,ArchVizInterior,pose4,44,4,44.46172078,0.876366511,35.48396016,593.642,1748.654,5.17434144,3.694761992,1522728,4
AdditiveSynthesizer,12x3,ArchVizInterior,pose5,44,4,46.20452762,0.930150033,53.29884557,593.642,1557.935,5.17434144,3.694761992,1522728,4
AdditiveSynthesizer,12x3,ArchVizInterior,pose6,44,4,45.68332071,0.927344456,47.15520836,593.642,1775.908,5.17434144,3.694761992,1522728,4
AdditiveSynthesizer,12x3,ArchVizInterior,pose7,44,4,43.05409669,0.825938422,45.87845567,593.642,1648.553,5.17434144,3.694761992,1522728,4
AdditiveSynthesizer,12x3,ArchVizInterior,pose8,44,4,45.67957298,0.895792711,18.84437738,593.642,1272.844,5.17434144,3.694761992,1522728,4
AdditiveSynthesizer,12x3,ArchVizInterior,pose9,44,4,45.81122664,0.928756022,44.84812959,593.642,1737.872,5.17434144,3.694761992,1522728,4
ViewWeightingSynthesizer,12x3,ArchVizInterior,pose0,44,4,45.60432947,0.917545867,36.1234906,593.642,2708.637,5.17434144,3.694761992,1522728,4
ViewWeightingSynthesizer,12x3,ArchVizInterior,pose1,44,4,41.622196,0.723249556,22.84356034,593.642,2995.185,5.17434144,3.694761992,1522728,4
ViewWeightingSynthesizer,12x3,ArchVizInterior,pose2,44,4,40.7814804,0.711759178,34.71231078,593.642,2813.72,5.17434144,3.694761992,1522728,4
ViewWeightingSynthesizer,12x3,ArchVizInterior,pose3,44,4,46.61039618,0.932378089,36.66596222,593.642,2732.628,5.17434144,3.694761992,1522728,4
ViewWeightingSynthesizer,12x3,ArchVizInterior,pose4,44,4,44.16602494,0.871315756,31.21368942,593.642,2969.558,5.17434144,3.694761992,1522728,4
ViewWeightingSynthesizer,12x3,ArchVizInterior,pose5,44,4,45.9014355,0.924373578,48.93824289,593.642,3125.515,5.17434144,3.694761992,1522728,4
ViewWeightingSynthesizer,12x3,ArchVizInterior,pose6,44,4,45.23584266,0.918377633,40.75592257,593.642,3170.209,5.17434144,3.694761992,1522728,4
ViewWeightingSynthesizer,12x3,ArchVizInterior,pose7,44,4,42.754225,0.8196144,43.11332503,593.642,3039.744,5.17434144,3.694761992,1522728,4
ViewWeightingSynthesizer,12x3,ArchVizInterior,pose8,44,4,45.44212612,0.891991811,17.26459577,593.642,2485.923,5.17434144,3.694761992,1522728,4
ViewWeightingSynthesizer,12x3,ArchVizInterior,pose9,44,4,45.42118532,0.9211802,42.107723,593.642,3199.787,5.17434144,3.694761992,1522728,4
AdditiveSynthesizer,12x3,ArchVizInterior,pose0,48,4,44.03785406,0.911968156,31.13299918,587.316,1465.793,14.69748139,4.570405006,1163720,4
AdditiveSynthesizer,12x3,ArchVizInterior,pose1,48,4,40.9227509,0.7084326,22.35866307,587.316,1921.626,14.69748139,4.570405006,1163720,4
AdditiveSynthesizer,12x3,ArchVizInterior,pose2,48,4,40.08138809,0.6977153,32.75499277,587.316,1516.9,14.69748139,4.570405006,1163720,4
AdditiveSynthesizer,12x3,ArchVizInterior,pose3,48,4,44.89095094,0.926454411,32.3110787,587.316,1629.145,14.69748139,4.570405006,1163720,4
AdditiveSynthesizer,12x3,ArchVizInterior,pose4,48,4,42.67780193,0.862630822,29.99432654,587.316,1702.078,14.69748139,4.570405006,1163720,4
AdditiveSynthesizer,12x3,ArchVizInterior,pose5,48,4,44.43224017,0.915675,44.59788764,587.316,1582.389,14.69748139,4.570405006,1163720,4
AdditiveSynthesizer,12x3,ArchVizInterior,pose6,48,4,44.20705721,0.909549189,37.67797801,587.316,1767.362,14.69748139,4.570405006,1163720,4
AdditiveSynthesizer,12x3,ArchVizInterior,pose7,48,4,42.04107281,0.808933644,39.94533983,587.316,1648.251,14.69748139,4.570405006,1163720,4
AdditiveSynthesizer,12x3,ArchVizInterior,pose8,48,4,44.27357553,0.886775178,15.05798508,587.316,1277.789,14.69748139,4.570405006,1163720,4
AdditiveSynthesizer,12x3,ArchVizInterior,pose9,48,4,44.26446966,0.913382633,37.35958418,587.316,1762.573,14.69748139,4.570405006,1163720,4
ViewWeightingSynthesizer,12x3,ArchVizInterior,pose0,48,4,43.77665372,0.905599856,28.94530778,587.316,2746.685,14.69748139,4.570405006,1163720,4
ViewWeightingSynthesizer,12x3,ArchVizInterior,pose1,48,4,40.69378709,0.7004888,19.72376367,587.316,2963.17,14.69748139,4.570405006,1163720,4
ViewWeightingSynthesizer,12x3,ArchVizInterior,pose2,48,4,39.84481162,0.690137822,31.09407241,587.316,2754.892,14.69748139,4.570405006,1163720,4
ViewWeightingSynthesizer,12x3,ArchVizInterior,pose3,48,4,44.4893825,0.917900011,26.90700268,587.316,2621.83,14.69748139,4.570405006,1163720,4
ViewWeightingSynthesizer,12x3,ArchVizInterior,pose4,48,4,42.39792672,0.855999244,25.20150879,587.316,2783.681,14.69748139,4.570405006,1163720,4
ViewWeightingSynthesizer,12x3,ArchVizInterior,pose5,48,4,44.16382868,0.908203778,40.72170116,587.316,2974.725,14.69748139,4.570405006,1163720,4
ViewWeightingSynthesizer,12x3,ArchVizInterior,pose6,48,4,43.8408782,0.898687511,32.01663068,587.316,3078.247,14.69748139,4.570405006,1163720,4
ViewWeightingSynthesizer,12x3,ArchVizInterior,pose7,48,4,41.7148091,0.800616144,37.09959144,587.316,2996.906,14.69748139,4.570405006,1163720,4
ViewWeightingSynthesizer,12x3,ArchVizInterior,pose8,48,4,44.14168663,0.882156944,13.79095694,587.316,2569.703,14.69748139,4.570405006,1163720,4
ViewWeightingSynthesizer,12x3,ArchVizInterior,pose9,48,4,43.93521706,0.903815,34.75688073,587.316,3238.037,14.69748139,4.570405006,1163720,4
AdditiveSynthesizer,12x3,ArchVizInterior,pose0,50,4,42.28397867,0.904567833,27.0000505,596.112,1429.796,28.65259647,26.66897154,1043744,4
AdditiveSynthesizer,12x3,ArchVizInterior,pose1,50,4,40.6945433,0.695677344,20.3156441,596.112,1913.662,28.65259647,26.66897154,1043744,4
AdditiveSynthesizer,12x3,ArchVizInterior,pose2,50,4,39.35126426,0.684399322,30.26200596,596.112,1457.966,28.65259647,26.66897154,1043744,4
AdditiveSynthesizer,12x3,ArchVizInterior,pose3,50,4,42.7398807,0.918129978,28.11350897,596.112,1551.458,28.65259647,26.66897154,1043744,4
AdditiveSynthesizer,12x3,ArchVizInterior,pose4,50,4,41.63043669,0.8537265,25.88439934,596.112,1693.601,28.65259647,26.66897154,1043744,4
AdditiveSynthesizer,12x3,ArchVizInterior,pose5,50,4,42.6510798,0.904846356,39.9205417,596.112,1498.131,28.65259647,26.66897154,1043744,4
AdditiveSynthesizer,12x3,ArchVizInterior,pose6,50,4,42.85193217,0.897241356,31.95436137,596.112,1730.305,28.65259647,26.66897154,1043744,4
AdditiveSynthesizer,12x3,ArchVizInterior,pose7,50,4,41.21286251,0.797686111,35.92433207,596.112,1665.526,28.65259647,26.66897154,1043744,4
AdditiveSynthesizer,12x3,ArchVizInterior,pose8,50,4,42.13383291,0.880181833,13.08207937,596.112,1262.57,28.65259647,26.66897154,1043744,4
AdditiveSynthesizer,12x3,ArchVizInterior,pose9,50,4,42.68162901,0.903354044,32.68325648,596.112,1712.619,28.65259647,26.66897154,1043744,4
ViewWeightingSynthesizer,12x3,ArchVizInterior,pose0,50,4,42.00303642,0.898403922,24.75062048,596.112,2757.574,28.65259647,26.66897154,1043744,4
ViewWeightingSynthesizer,12x3,ArchVizInterior,pose1,50,4,40.588475,0.687674633,17.62975479,596.112,2890.376,28.65259647,26.66897154,1043744,4
ViewWeightingSynthesizer,12x3,ArchVizInterior,pose2,50,4,39.10668188,0.676630211,28.48753453,596.112,2652.986,28.65259647,26.66897154,1043744,4
ViewWeightingSynthesizer,12x3,ArchVizInterior,pose3,50,4,42.35880972,0.909057167,22.54048391,596.112,2596.146,28.65259647,26.66897154,1043744,4
ViewWeightingSynthesizer,12x3,ArchVizInterior,pose4,50,4,41.31570623,0.846732433,21.3211085,596.112,2789.327,28.65259647,26.66897154,1043744,4
ViewWeightingSynthesizer,12x3,ArchVizInterior,pose5,50,4,42.37834934,0.896625178,35.76615686,596.112,3021.4,28.65259647,26.66897154,1043744,4
ViewWeightingSynthesizer,12x3,ArchVizInterior,pose6,50,4,42.50431852,0.8853583,26.84174296,596.112,3252.87,28.65259647,26.66897154,1043744,4
ViewWeightingSynthesizer,12x3,ArchVizInterior,pose7,50,4,40.83868523,0.789063578,33.19589881,596.112,3118.494,28.65259647,26.66897154,1043744,4
ViewWeightingSynthesizer,12x3,ArchVizInterior,pose8,50,4,41.9671059,0.875456411,11.73242396,596.112,2555.764,28.65259647,26.66897154,1043744,4
ViewWeightingSynthesizer,12x3,ArchVizInterior,pose9,50,4,42.23957913,0.892754111,29.76703318,596.112,3265.706,28.65259647,26.66897154,1043744,4
AdditiveSynthesizer,18x2,ArchVizInterior,pose0,20,4,48.43771467,0.938437133,50.3283412,577.874,1402.858,10.64485931,5.705757618,10544360,4
AdditiveSynthesizer,18x2,ArchVizInterior,pose1,20,4,44.22201618,0.769954878,31.93205674,577.874,1787.887,10.64485931,5.705757618,10544360,4
AdditiveSynthesizer,18x2,ArchVizInterior,pose2,20,4,42.11481828,0.747085656,44.02170938,577.874,1386.178,10.64485931,5.705757618,10544360,4
AdditiveSynthesizer,18x2,ArchVizInterior,pose3,20,4,50.30021323,0.958837833,57.09918814,577.874,1538.566,10.64485931,5.705757618,10544360,4
AdditiveSynthesizer,18x2,ArchVizInterior,pose4,20,4,47.04517937,0.899609556,46.29605768,577.874,1732.803,10.64485931,5.705757618,10544360,4
AdditiveSynthesizer,18x2,ArchVizInterior,pose5,20,4,48.76683182,0.951168633,67.23154713,577.874,1520.348,10.64485931,5.705757618,10544360,4
AdditiveSynthesizer,18x2,ArchVizInterior,pose6,20,4,49.71696044,0.951239167,62.87079821,577.874,1698.769,10.64485931,5.705757618,10544360,4
AdditiveSynthesizer,18x2,ArchVizInterior,pose7,20,4,45.53649147,0.851361156,56.15028316,577.874,1603.935,10.64485931,5.705757618,10544360,4
AdditiveSynthesizer,18x2,ArchVizInterior,pose8,20,4,47.05719246,0.910328178,25.45913089,577.874,1281.694,10.64485931,5.705757618,10544360,4
AdditiveSynthesizer,18x2,ArchVizInterior,pose9,20,4,49.93651339,0.954212244,59.21468586,577.874,1746.25,10.64485931,5.705757618,10544360,4
ViewWeightingSynthesizer,18x2,ArchVizInterior,pose0,20,4,48.16677787,0.934419789,46.03583568,577.874,2536.918,10.64485931,5.705757618,10544360,4
ViewWeightingSynthesizer,18x2,ArchVizInterior,pose1,20,4,43.88025348,0.761627144,28.39772453,577.874,2781.497,10.64485931,5.705757618,10544360,4
ViewWeightingSynthesizer,18x2,ArchVizInterior,pose2,20,4,42.00200896,0.744300722,41.14600133,577.874,2696.377,10.64485931,5.705757618,10544360,4
ViewWeightingSynthesizer,18x2,ArchVizInterior,pose3,20,4,50.01085082,0.953257022,50.007795,577.874,2541.863,10.64485931,5.705757618,10544360,4
ViewWeightingSynthesizer,18x2,ArchVizInterior,pose4,20,4,46.69594999,0.8960343,41.58340874,577.874,2803.392,10.64485931,5.705757618,10544360,4
ViewWeightingSynthesizer,18x2,ArchVizInterior,pose5,20,4,48.57091486,0.948572911,62.32824397,577.874,2915.715,10.64485931,5.705757618,10544360,4
ViewWeightingSynthesizer,18x2,ArchVizInterior,pose6,20,4,49.3716921,0.946652222,55.85974186,577.874,3262.718,10.64485931,5.705757618,10544360,4
ViewWeightingSynthesizer,18x2,ArchVizInterior,pose7,20,4,45.41165841,0.848360489,53.00834193,577.874,3106.334,10.64485931,5.705757618,10544360,4
ViewWeightingSynthesizer,18x2,ArchVizInterior,pose8,20,4,46.94308468,0.907404911,23.38874766,577.874,2471.241,10.64485931,5.705757618,10544360,4
ViewWeightingSynthesizer,18x2,ArchVizInterior,pose9,20,4,49.62723203,0.949787511,55.16851441,577.874,3058.447,10.64485931,5.705757618,10544360,4
AdditiveSynthesizer,18x2,ArchVizInterior,pose0,36,4,46.81185489,0.933456233,46.57633677,584.915,1429.596,5.361786366,4.594079256,2704848,4
AdditiveSynthesizer,18x2,ArchVizInterior,pose1,36,4,43.20740409,0.758594011,30.2032013,584.915,1764.692,5.361786366,4.594079256,2704848,4
AdditiveSynthesizer,18x2,ArchVizInterior,pose2,36,4,41.77239923,0.738566622,41.80218534,584.915,1379.04,5.361786366,4.594079256,2704848,4
AdditiveSynthesizer,18x2,ArchVizInterior,pose3,36,4,48.23521757,0.953437311,52.13110053,584.915,1526.688,5.361786366,4.594079256,2704848,4
AdditiveSynthesizer,18x2,ArchVizInterior,pose4,36,4,45.63037962,0.893108333,42.69017654,584.915,1592.03,5.361786366,4.594079256,2704848,4
AdditiveSynthesizer,18x2,ArchVizInterior,pose5,36,4,46.92144012,0.944978333,62.65601128,584.915,1422.192,5.361786366,4.594079256,2704848,4
AdditiveSynthesizer,18x2,ArchVizInterior,pose6,36,4,46.92736527,0.944501022,57.72101736,584.915,1637.856,5.361786366,4.594079256,2704848,4
AdditiveSynthesizer,18x2,ArchVizInterior,pose7,36,4,44.02197713,0.843544222,52.74504107,584.915,1608.676,5.361786366,4.594079256,2704848,4
AdditiveSynthesizer,18x2,ArchVizInterior,pose8,36,4,46.34454088,0.906166789,23.31097353,584.915,1250.558,5.361786366,4.594079256,2704848,4
AdditiveSynthesizer,18x2,ArchVizInterior,pose9,36,4,47.47257232,0.947285733,55.13169851,584.915,1693.537,5.361786366,4.594079256,2704848,4
ViewWeightingSynthesizer,18x2,ArchVizInterior,pose0,36,4,46.5141314,0.929655389,42.84479497,584.915,2600.337,5.361786366,4.594079256,2704848,4
ViewWeightingSynthesizer,18x2,ArchVizInterior,pose1,36,4,42.92425038,0.750913933,27.01747471,584.915,2908.72,5.361786366,4.594079256,2704848,4
ViewWeightingSynthesizer,18x2,ArchVizInterior,pose2,36,4,41.60383171,0.735049844,39.23314932,584.915,2730.293,5.361786366,4.594079256,2704848,4
ViewWeightingSynthesizer,18x2,ArchVizInterior,pose3,36,4,47.77241236,0.947827211,45.80582354,584.915,2737.131,5.361786366,4.594079256,2704848,4
ViewWeightingSynthesizer,18x2,ArchVizInterior,pose4,36,4,45.27761561,0.889222389,38.2475524,584.915,2938.243,5.361786366,4.594079256,2704848,4
ViewWeightingSynthesizer,18x2,ArchVizInterior,pose5,36,4,46.51876874,0.941509189,57.88350241,584.915,3072.863,5.361786366,4.594079256,2704848,4
ViewWeightingSynthesizer,18x2,ArchVizInterior,pose6,36,4,46.51841211,0.938506589,50.71625956,584.915,3223.038,5.361786366,4.594079256,2704848,4
ViewWeightingSynthesizer,18x2,ArchVizInterior,pose7,36,4,43.77507169,0.839531822,49.74789909,584.915,3019.197,5.361786366,4.594079256,2704848,4
ViewWeightingSynthesizer,18x2,ArchVizInterior,pose8,36,4,46.14499832,0.903228711,21.25680169,584.915,2481.233,5.361786366,4.594079256,2704848,4
ViewWeightingSynthesizer,18x2,ArchVizInterior,pose9,36,4,47.11975296,0.942023067,51.40872217,584.915,3110.037,5.361786366,4.594079256,2704848,4
AdditiveSynthesizer,18x2,ArchVizInterior,pose0,44,4,45.91990076,0.922946933,38.36720237,605.467,1378.122,34.99146247,23.81952786,1450448,4
AdditiveSynthesizer,18x2,ArchVizInterior,pose1,44,4,41.94081312,0.732784333,26.04092488,605.467,1700.556,34.99146247,23.81952786,1450448,4
AdditiveSynthesizer,18x2,ArchVizInterior,pose2,44,4,40.99162509,0.718435367,37.1535387,605.467,1365.125,34.99146247,23.81952786,1450448,4
AdditiveSynthesizer,18x2,ArchVizInterior,pose3,44,4,46.9690678,0.940323722,41.48890206,605.467,1495.366,34.99146247,23.81952786,1450448,4
AdditiveSynthesizer,18x2,ArchVizInterior,pose4,44,4,44.40218231,0.877530022,35.6413467,605.467,1580.368,34.99146247,23.81952786,1450448,4
AdditiveSynthesizer,18x2,ArchVizInterior,pose5,44,4,46.09539681,0.930753789,53.38698929,605.467,1398.463,34.99146247,23.81952786,1450448,4
AdditiveSynthesizer,18x2,ArchVizInterior,pose6,44,4,45.71421803,0.927694211,47.2130688,605.467,1633.785,34.99146247,23.81952786,1450448,4
AdditiveSynthesizer,18x2,ArchVizInterior,pose7,44,4,43.01122247,0.825645722,45.96898227,605.467,1566.315,34.99146247,23.81952786,1450448,4
AdditiveSynthesizer,18x2,ArchVizInterior,pose8,44,4,45.61113604,0.896449178,18.94851757,605.467,1200.137,34.99146247,23.81952786,1450448,4
AdditiveSynthesizer,18x2,ArchVizInterior,pose9,44,4,45.85661032,0.930405611,45.25637038,605.467,1652.568,34.99146247,23.81952786,1450448,4
ViewWeightingSynthesizer,18x2,ArchVizInterior,pose0,44,4,45.60239804,0.918076989,35.6800432,605.467,2548.817,34.99146247,23.81952786,1450448,4
ViewWeightingSynthesizer,18x2,ArchVizInterior,pose1,44,4,41.68566049,0.725929989,23.34755721,605.467,2713.1,34.99146247,23.81952786,1450448,4
ViewWeightingSynthesizer,18x2,ArchVizInterior,pose2,44,4,40.78318148,0.712645278,35.26999741,605.467,2590.944,34.99146247,23.81952786,1450448,4
ViewWeightingSynthesizer,18x2,ArchVizInterior,pose3,44,4,46.30860598,0.933564189,36.40996697,605.467,2564.823,34.99146247,23.81952786,1450448,4
ViewWeightingSynthesizer,18x2,ArchVizInterior,pose4,44,4,43.99853463,0.873071378,31.62225156,605.467,2777.117,34.99146247,23.81952786,1450448,4
ViewWeightingSynthesizer,18x2,ArchVizInterior,pose5,44,4,45.63546022,0.925184422,49.16126144,605.467,2895.149,34.99146247,23.81952786,1450448,4
ViewWeightingSynthesizer,18x2,ArchVizInterior,pose6,44,4,45.21646337,0.918527278,40.81491988,605.467,3046.915,34.99146247,23.81952786,1450448,4
ViewWeightingSynthesizer,18x2,ArchVizInterior,pose7,44,4,42.66122443,0.818948922,43.22453243,605.467,2883.925,34.99146247,23.81952786,1450448,4
ViewWeightingSynthesizer,18x2,ArchVizInterior,pose8,44,4,45.38036727,0.892939844,17.35216076,605.467,2373.125,34.99146247,23.81952786,1450448,4
ViewWeightingSynthesizer,18x2,ArchVizInterior,pose9,44,4,45.30010964,0.9234947,42.66472369,605.467,3052.463,34.99146247,23.81952786,1450448,4
AdditiveSynthesizer,18x2,ArchVizInterior,pose0,48,4,44.02020932,0.912278633,31.22392292,575.639,1365.385,7.859142542,2.505520582,1109736,4
AdditiveSynthesizer,18x2,ArchVizInterior,pose1,48,4,40.54915911,0.710885667,22.86298082,575.639,1725.4,7.859142542,2.505520582,1109736,4
AdditiveSynthesizer,18x2,ArchVizInterior,pose2,48,4,40.18610939,0.697948711,33.06332113,575.639,1369.914,7.859142542,2.505520582,1109736,4
AdditiveSynthesizer,18x2,ArchVizInterior,pose3,48,4,44.98898084,0.927177533,32.818752,575.639,1504.596,7.859142542,2.505520582,1109736,4
AdditiveSynthesizer,18x2,ArchVizInterior,pose4,48,4,42.48069207,0.862955078,29.80625428,575.639,1576.544,7.859142542,2.505520582,1109736,4
AdditiveSynthesizer,18x2,ArchVizInterior,pose5,48,4,44.28161786,0.915782456,45.06604158,575.639,1415.612,7.859142542,2.505520582,1109736,4
AdditiveSynthesizer,18x2,ArchVizInterior,pose6,48,4,44.08224776,0.909797511,37.76741667,575.639,1665.261,7.859142542,2.505520582,1109736,4
AdditiveSynthesizer,18x2,ArchVizInterior,pose7,48,4,41.9759885,0.808706233,39.83608517,575.639,1574.224,7.859142542,2.505520582,1109736,4
AdditiveSynthesizer,18x2,ArchVizInterior,pose8,48,4,44.25763361,0.887579322,15.33072208,575.639,1198.612,7.859142542,2.505520582,1109736,4
AdditiveSynthesizer,18x2,ArchVizInterior,pose9,48,4,44.20457262,0.914314356,37.64810107,575.639,1645.987,7.859142542,2.505520582,1109736,4
ViewWeightingSynthesizer,18x2,ArchVizInterior,pose0,48,4,43.83715572,0.905887489,28.55872573,575.639,2560.925,7.859142542,2.505520582,1109736,4
ViewWeightingSynthesizer,18x2,ArchVizInterior,pose1,48,4,40.40729974,0.702482067,20.27647786,575.639,2775.511,7.859142542,2.505520582,1109736,4
ViewWeightingSynthesizer,18x2,ArchVizInterior,pose2,48,4,39.95175972,0.690471956,31.28897783,575.639,2586.208,7.859142542,2.505520582,1109736,4
ViewWeightingSynthesizer,18x2,ArchVizInterior,pose3,48,4,44.43421394,0.919385844,28.00046817,575.639,2603.67,7.859142542,2.505520582,1109736,4
ViewWeightingSynthesizer,18x2,ArchVizInterior,pose4,48,4,42.11594436,0.8574626,25.74215667,575.639,2757.96,7.859142542,2.505520582,1109736,4
ViewWeightingSynthesizer,18x2,ArchVizInterior,pose5,48,4,43.705682,0.908121767,40.86380347,575.639,2882.892,7.859142542,2.505520582,1109736,4
ViewWeightingSynthesizer,18x2,ArchVizInterior,pose6,48,4,43.67816679,0.898487944,31.76090513,575.639,3051.742,7.859142542,2.505520582,1109736,4
ViewWeightingSynthesizer,18x2,ArchVizInterior,pose7,48,4,41.65812648,0.7998262,37.16904146,575.639,2944.893,7.859142542,2.505520582,1109736,4
ViewWeightingSynthesizer,18x2,ArchVizInterior,pose8,48,4,43.95752687,0.883421089,14.05874716,575.639,2383.871,7.859142542,2.505520582,1109736,4
ViewWeightingSynthesizer,18x2,ArchVizInterior,pose9,48,4,43.81084406,0.904987156,35.02438331,575.639,3150.566,7.859142542,2.505520582,1109736,4
AdditiveSynthesizer,18x2,ArchVizInterior,pose0,50,4,42.23754636,0.9054994,27.17419416,587.069,1442.455,32.47239733,23.11884952,995936,4
AdditiveSynthesizer,18x2,ArchVizInterior,pose1,50,4,40.8562438,0.697674711,21.14213311,587.069,1726.573,32.47239733,23.11884952,995936,4
AdditiveSynthesizer,18x2,ArchVizInterior,pose2,50,4,39.6495565,0.683890889,30.91387301,587.069,1357.157,32.47239733,23.11884952,995936,4
AdditiveSynthesizer,18x2,ArchVizInterior,pose3,50,4,42.72560277,0.919016856,28.68258791,587.069,1479.394,32.47239733,23.11884952,995936,4
AdditiveSynthesizer,18x2,ArchVizInterior,pose4,50,4,41.59280789,0.855606722,26.15496541,587.069,1581.406,32.47239733,23.11884952,995936,4
AdditiveSynthesizer,18x2,ArchVizInterior,pose5,50,4,42.23279401,0.906134211,40.56862117,587.069,1412.111,32.47239733,23.11884952,995936,4
AdditiveSynthesizer,18x2,ArchVizInterior,pose6,50,4,42.5701399,0.898210022,32.32784948,587.069,1654.097,32.47239733,23.11884952,995936,4
AdditiveSynthesizer,18x2,ArchVizInterior,pose7,50,4,41.18813566,0.797298556,36.3601474,587.069,1568.994,32.47239733,23.11884952,995936,4
AdditiveSynthesizer,18x2,ArchVizInterior,pose8,50,4,42.21602614,0.880922767,13.40083401,587.069,1187.185,32.47239733,23.11884952,995936,4
AdditiveSynthesizer,18x2,ArchVizInterior,pose9,50,4,42.79979319,0.904709933,33.55443474,587.069,1658.404,32.47239733,23.11884952,995936,4
ViewWeightingSynthesizer,18x2,ArchVizInterior,pose0,50,4,41.92263149,0.898991967,24.7495895,587.069,2553.635,32.47239733,23.11884952,995936,4
ViewWeightingSynthesizer,18x2,ArchVizInterior,pose1,50,4,40.74432908,0.689455167,18.66385548,587.069,2743.853,32.47239733,23.11884952,995936,4
ViewWeightingSynthesizer,18x2,ArchVizInterior,pose2,50,4,39.39506174,0.675716978,29.47508604,587.069,2547.908,32.47239733,23.11884952,995936,4
ViewWeightingSynthesizer,18x2,ArchVizInterior,pose3,50,4,42.44867213,0.910525333,23.27659214,587.069,2589.067,32.47239733,23.11884952,995936,4
ViewWeightingSynthesizer,18x2,ArchVizInterior,pose4,50,4,41.2635369,0.849731744,22.44868293,587.069,2729.886,32.47239733,23.11884952,995936,4
ViewWeightingSynthesizer,18x2,ArchVizInterior,pose5,50,4,41.83170218,0.897355633,36.37795447,587.069,2869.478,32.47239733,23.11884952,995936,4
ViewWeightingSynthesizer,18x2,ArchVizInterior,pose6,50,4,42.02834232,0.885875378,26.7592469,587.069,3052.401,32.47239733,23.11884952,995936,4
ViewWeightingSynthesizer,18x2,ArchVizInterior,pose7,50,4,40.77743778,0.787643322,33.78476208,587.069,2877.852,32.47239733,23.11884952,995936,4
ViewWeightingSynthesizer,18x2,ArchVizInterior,pose8,50,4,42.00177911,0.876516267,12.19112746,587.069,2505.597,32.47239733,23.11884952,995936,4
ViewWeightingSynthesizer,18x2,ArchVizInterior,pose9,50,4,42.51107551,0.894477556,31.41104077,587.069,3292.643,32.47239733,23.11884952,995936,4