pose,camera,QP,bitrate
0,6x6,20,14437400
1,6x6,20,14429720
2,6x6,20,14433496
3,6x6,20,14396976
4,6x6,20,14393896
5,6x6,20,14403280
6,6x6,20,14392488
7,6x6,20,14393464
8,6x6,20,14391408
9,6x6,20,14398928
10,6x6,20,14385680
11,6x6,20,14397848
12,6x6,20,14376544
13,6x6,20,14407888
14,6x6,20,14373560
15,6x6,20,14373128
16,6x6,20,14388304
17,6x6,20,14379696
18,6x6,20,14374088
19,6x6,20,14345792
20,6x6,20,14337624
21,6x6,20,14359512
22,6x6,20,14363112
23,6x6,20,14364160
24,6x6,20,14359424
25,6x6,20,14376176
26,6x6,20,14372200
27,6x6,20,14358800
28,6x6,20,14353368
29,6x6,20,14372448
30,6x6,20,14371112
31,6x6,20,14388744
32,6x6,20,14385184
33,6x6,20,14375072
34,6x6,20,14408008
35,6x6,20,14376840
36,6x6,20,14403160
37,6x6,20,14407808
38,6x6,20,14407424
39,6x6,20,14406064
40,6x6,20,14404272
41,6x6,20,14410752
42,6x6,20,14397272
43,6x6,20,14393032
44,6x6,20,14384568
45,6x6,20,14387640
46,6x6,20,14414568
47,6x6,20,14424032
48,6x6,20,14404624
49,6x6,20,14454560
50,6x6,20,14478056
51,6x6,20,14498024
52,6x6,20,14485672
53,6x6,20,14485064
54,6x6,20,14511792
55,6x6,20,14471648
56,6x6,20,14482624
57,6x6,20,14444880
58,6x6,20,14476096
59,6x6,20,14469064
60,6x6,20,14431968
61,6x6,20,14437368
62,6x6,20,14401096
63,6x6,20,14416016
64,6x6,20,14404616
65,6x6,20,14417528
66,6x6,20,14432480
67,6x6,20,14434960
68,6x6,20,14467696
69,6x6,20,14520192
70,6x6,20,14362944
71,6x6,20,14357000
72,6x6,20,14370712
73,6x6,20,14370056
74,6x6,20,14348712
75,6x6,20,14358240
76,6x6,20,14348664
77,6x6,20,14357096
78,6x6,20,14360872
79,6x6,20,14357984
80,6x6,20,14357592
81,6x6,20,14414152
82,6x6,20,14411376
83,6x6,20,14395008
84,6x6,20,14394056
85,6x6,20,14401656
86,6x6,20,14393568
87,6x6,20,14394224
88,6x6,20,14378584
89,6x6,20,14380520
0,6x6,36,2635640
1,6x6,36,2637832
2,6x6,36,2638264
3,6x6,36,2630784
4,6x6,36,2627432
5,6x6,36,2630800
6,6x6,36,2633600
7,6x6,36,2631168
8,6x6,36,2629888
9,6x6,36,2635576
10,6x6,36,2634760
11,6x6,36,2632872
12,6x6,36,2633000
13,6x6,36,2638048
14,6x6,36,2626464
15,6x6,36,2630680
16,6x6,36,2631464
17,6x6,36,2629688
18,6x6,36,2628296
19,6x6,36,2616512
20,6x6,36,2619384
21,6x6,36,2622384
22,6x6,36,2620288
23,6x6,36,2616168
24,6x6,36,2619840
25,6x6,36,2620608
26,6x6,36,2620432
27,6x6,36,2615928
28,6x6,36,2611216
29,6x6,36,2610960
30,6x6,36,2614904
31,6x6,36,2621592
32,6x6,36,2615600
33,6x6,36,2617968
34,6x6,36,2620160
35,6x6,36,2616304
36,6x6,36,2622176
37,6x6,36,2623176
38,6x6,36,2625760
39,6x6,36,2623696
40,6x6,36,2628216
41,6x6,36,2628032
42,6x6,36,2625928
43,6x6,36,2630808
44,6x6,36,2633016
45,6x6,36,2628960
46,6x6,36,2639816
47,6x6,36,2640496
48,6x6,36,2644176
49,6x6,36,2658656
50,6x6,36,2669952
51,6x6,36,2684840
52,6x6,36,2679248
53,6x6,36,2680304
54,6x6,36,2690160
55,6x6,36,2680456
56,6x6,36,2675296
57,6x6,36,2671320
58,6x6,36,2682264
59,6x6,36,2682936
60,6x6,36,2674344
61,6x6,36,2675736
62,6x6,36,2663216
63,6x6,36,2670176
64,6x6,36,2664904
65,6x6,36,2663008
66,6x6,36,2663384
67,6x6,36,2670184
68,6x6,36,2687200
69,6x6,36,2697232
70,6x6,36,2666920
71,6x6,36,2659216
72,6x6,36,2660224
73,6x6,36,2658744
74,6x6,36,2641920
75,6x6,36,2641200
76,6x6,36,2636392
77,6x6,36,2641664
78,6x6,36,2640264
79,6x6,36,2635056
80,6x6,36,2633824
81,6x6,36,2649016
82,6x6,36,2650184
83,6x6,36,2646432
84,6x6,36,2638392
85,6x6,36,2646640
86,6x6,36,2642088
87,6x6,36,2639360
88,6x6,36,2637856
89,6x6,36,2633704
0,6x6,44,1159216
1,6x6,44,1158952
2,6x6,44,1158368
3,6x6,44,1155328
4,6x6,44,1154896
5,6x6,44,1154136
6,6x6,44,1155472
7,6x6,44,1155464
8,6x6,44,1155432
9,6x6,44,1157784
10,6x6,44,1156736
11,6x6,44,1158432
12,6x6,44,1155184
13,6x6,44,1156224
14,6x6,44,1159816
15,6x6,44,1151200
16,6x6,44,1153312
17,6x6,44,1153640
18,6x6,44,1151232
19,6x6,44,1148248
20,6x6,44,1145536
21,6x6,44,1145760
22,6x6,44,1146960
23,6x6,44,1148936
24,6x6,44,1147080
25,6x6,44,1148480
26,6x6,44,1148544
27,6x6,44,1143432
28,6x6,44,1142152
29,6x6,44,1144512
30,6x6,44,1145328
31,6x6,44,1149344
32,6x6,44,1143464
33,6x6,44,1144944
34,6x6,44,1149248
35,6x6,44,1146032
36,6x6,44,1150448
37,6x6,44,1151736
38,6x6,44,1149960
39,6x6,44,1148968
40,6x6,44,1150328
41,6x6,44,1150944
42,6x6,44,1149584
43,6x6,44,1154880
44,6x6,44,1154896
45,6x6,44,1155552
46,6x6,44,1157160
47,6x6,44,1160000
48,6x6,44,1159888
49,6x6,44,1169616
50,6x6,44,1175240
51,6x6,44,1181080
52,6x6,44,1178128
53,6x6,44,1179256
54,6x6,44,1180904
55,6x6,44,1177296
56,6x6,44,1176648
57,6x6,44,1174848
58,6x6,44,1177296
59,6x6,44,1178528
60,6x6,44,1177496
61,6x6,44,1177408
62,6x6,44,1173464
63,6x6,44,1171984
64,6x6,44,1172392
65,6x6,44,1170808
66,6x6,44,1176712
67,6x6,44,1182432
68,6x6,44,1190712
69,6x6,44,1198976
70,6x6,44,1180504
71,6x6,44,1175520
72,6x6,44,1178248
73,6x6,44,1175056
74,6x6,44,1169896
75,6x6,44,1168840
76,6x6,44,1167528
77,6x6,44,1166120
78,6x6,44,1168464
79,6x6,44,1165216
80,6x6,44,1164720
81,6x6,44,1173480
82,6x6,44,1175032
83,6x6,44,1172528
84,6x6,44,1166472
85,6x6,44,1170824
86,6x6,44,1167656
87,6x6,44,1165352
88,6x6,44,1165400
89,6x6,44,1162288
0,6x6,48,826312
1,6x6,48,825160
2,6x6,48,826776
3,6x6,48,827368
4,6x6,48,823360
5,6x6,48,824856
6,6x6,48,824216
7,6x6,48,823048
8,6x6,48,824624
9,6x6,48,825376
10,6x6,48,823584
11,6x6,48,823680
12,6x6,48,823736
13,6x6,48,823560
14,6x6,48,822368
15,6x6,48,823264
16,6x6,48,821904
17,6x6,48,821608
18,6x6,48,820992
19,6x6,48,817040
20,6x6,48,817352
21,6x6,48,817944
22,6x6,48,817064
23,6x6,48,816200
24,6x6,48,816200
25,6x6,48,819024
26,6x6,48,816984
27,6x6,48,815576
28,6x6,48,813352
29,6x6,48,815280
30,6x6,48,814872
31,6x6,48,817672
32,6x6,48,814576
33,6x6,48,815480
34,6x6,48,819320
35,6x6,48,818104
36,6x6,48,820392
37,6x6,48,820064
38,6x6,48,819400
39,6x6,48,819688
40,6x6,48,819544
41,6x6,48,819656
42,6x6,48,819272
43,6x6,48,824160
44,6x6,48,822704
45,6x6,48,823688
46,6x6,48,825664
47,6x6,48,826376
48,6x6,48,826928
49,6x6,48,833248
50,6x6,48,837488
51,6x6,48,845600
52,6x6,48,840936
53,6x6,48,841520
54,6x6,48,843976
55,6x6,48,839504
56,6x6,48,840728
57,6x6,48,839272
58,6x6,48,839256
59,6x6,48,842424
60,6x6,48,840272
61,6x6,48,839816
62,6x6,48,840072
63,6x6,48,838728
64,6x6,48,837544
65,6x6,48,837696
66,6x6,48,843160
67,6x6,48,844336
68,6x6,48,851992
69,6x6,48,857216
70,6x6,48,844648
71,6x6,48,840576
72,6x6,48,842960
73,6x6,48,839872
74,6x6,48,833984
75,6x6,48,836704
76,6x6,48,835472
77,6x6,48,835672
78,6x6,48,835072
79,6x6,48,833600
80,6x6,48,833328
81,6x6,48,839696
82,6x6,48,841232
83,6x6,48,838496
84,6x6,48,833568
85,6x6,48,836776
86,6x6,48,836248
87,6x6,48,831736
88,6x6,48,831984
89,6x6,48,829256
0,6x6,50,718728
1,6x6,50,718568
2,6x6,50,718472
3,6x6,50,717584
4,6x6,50,713808
5,6x6,50,714904
6,6x6,50,714144
7,6x6,50,714728
8,6x6,50,714368
9,6x6,50,716328
10,6x6,50,716600
11,6x6,50,715744
12,6x6,50,714432
13,6x6,50,715704
14,6x6,50,715040
15,6x6,50,713040
16,6x6,50,712976
17,6x6,50,712720
18,6x6,50,712928
19,6x6,50,709072
20,6x6,50,705912
21,6x6,50,709016
22,6x6,50,707304
23,6x6,50,708032
24,6x6,50,706328
25,6x6,50,707992
26,6x6,50,708488
27,6x6,50,705352
28,6x6,50,705128
29,6x6,50,708120
30,6x6,50,706840
31,6x6,50,709816
32,6x6,50,704936
33,6x6,50,707752
34,6x6,50,708728
35,6x6,50,710224
36,6x6,50,711360
37,6x6,50,710784
38,6x6,50,712560
39,6x6,50,710904
40,6x6,50,712584
41,6x6,50,711472
42,6x6,50,710008
43,6x6,50,713472
44,6x6,50,712416
45,6x6,50,712296
46,6x6,50,716288
47,6x6,50,718696
48,6x6,50,717336
49,6x6,50,721928
50,6x6,50,725784
51,6x6,50,734856
52,6x6,50,729304
53,6x6,50,730104
54,6x6,50,733208
55,6x6,50,729768
56,6x6,50,729512
57,6x6,50,727856
58,6x6,50,730608
59,6x6,50,732520
60,6x6,50,731792
61,6x6,50,731080
62,6x6,50,728584
63,6x6,50,726400
64,6x6,50,727768
65,6x6,50,726056
66,6x6,50,730568
67,6x6,50,733216
68,6x6,50,740672
69,6x6,50,742960
70,6x6,50,734408
71,6x6,50,730816
72,6x6,50,731400
73,6x6,50,727800
74,6x6,50,724264
75,6x6,50,726704
76,6x6,50,723712
77,6x6,50,723696
78,6x6,50,724856
79,6x6,50,723368
80,6x6,50,721880
81,6x6,50,727736
82,6x6,50,731176
83,6x6,50,728928
84,6x6,50,724176
85,6x6,50,725840
86,6x6,50,724088
87,6x6,50,723936
88,6x6,50,721656
89,6x6,50,720672
0,9x4,20,14412128
1,9x4,20,14412808
2,9x4,20,14409352
3,9x4,20,14417088
4,9x4,20,14474616
5,9x4,20,14391584
6,9x4,20,14390488
7,9x4,20,14399456
8,9x4,20,14398616
9,9x4,20,14382760
10,9x4,20,14437760
11,9x4,20,14375208
12,9x4,20,14426432
13,9x4,20,14397992
14,9x4,20,14383456
15,9x4,20,14449048
16,9x4,20,14373760
17,9x4,20,14381832
18,9x4,20,14387152
19,9x4,20,14405824
20,9x4,20,14361888
21,9x4,20,14469128
22,9x4,20,14438056
23,9x4,20,14431344
24,9x4,20,14431672
25,9x4,20,14432920
26,9x4,20,14436296
27,9x4,20,14377544
28,9x4,20,14412176
29,9x4,20,14381032
30,9x4,20,14394376
31,9x4,20,14440136
32,9x4,20,14396264
33,9x4,20,14419896
34,9x4,20,14426336
35,9x4,20,14428896
36,9x4,20,14429072
37,9x4,20,14426968
38,9x4,20,14434472
39,9x4,20,14428480
40,9x4,20,14427328
41,9x4,20,14429232
42,9x4,20,14431400
43,9x4,20,14483336
44,9x4,20,14432224
45,9x4,20,14431144
46,9x4,20,14488560
47,9x4,20,14432992
48,9x4,20,14465728
49,9x4,20,14539360
50,9x4,20,14481856
51,9x4,20,14503736
52,9x4,20,14537728
53,9x4,20,14496128
54,9x4,20,14483880
55,9x4,20,14522824
56,9x4,20,14462240
57,9x4,20,14442856
58,9x4,20,14487872
59,9x4,20,14429440
60,9x4,20,14415112
61,9x4,20,14393928
62,9x4,20,14457912
63,9x4,20,14374760
64,9x4,20,14368160
65,9x4,20,14361688
66,9x4,20,14368984
67,9x4,20,14352744
68,9x4,20,14365192
69,9x4,20,14313328
70,9x4,20,14388856
71,9x4,20,14325280
72,9x4,20,14326264
73,9x4,20,14385744
74,9x4,20,14322320
75,9x4,20,14345320
76,9x4,20,14347928
77,9x4,20,14354888
78,9x4,20,14345360
79,9x4,20,14376208
80,9x4,20,14332392
81,9x4,20,14337904
82,9x4,20,14337856
83,9x4,20,14367288
84,9x4,20,14359672
85,9x4,20,14355608
86,9x4,20,14362408
87,9x4,20,14398712
88,9x4,20,14365592
89,9x4,20,14352904
0,9x4,36,2670096
1,9x4,36,2665672
2,9x4,36,2668720
3,9x4,36,2678408
4,9x4,36,2684640
5,9x4,36,2668768
6,9x4,36,2669544
7,9x4,36,2671376
8,9x4,36,2668408
9,9x4,36,2667680
10,9x4,36,2675104
11,9x4,36,2665488
12,9x4,36,2675544
13,9x4,36,2674344
14,9x4,36,2673200
15,9x4,36,2683200
16,9x4,36,2662752
17,9x4,36,2666096
18,9x4,36,2667016
19,9x4,36,2673128
20,9x4,36,2665352
21,9x4,36,2677552
22,9x4,36,2669464
23,9x4,36,2670560
24,9x4,36,2669240
25,9x4,36,2670016
26,9x4,36,2668032
27,9x4,36,2657936
28,9x4,36,2666400
29,9x4,36,2651464
30,9x4,36,2656528
31,9x4,36,2661608
32,9x4,36,2656296
33,9x4,36,2661464
34,9x4,36,2662448
35,9x4,36,2669256
36,9x4,36,2668776
37,9x4,36,2668336
38,9x4,36,2670392
39,9x4,36,2665704
40,9x4,36,2668904
41,9x4,36,2668680
42,9x4,36,2671736
43,9x4,36,2689416
44,9x4,36,2685096
45,9x4,36,2683168
46,9x4,36,2687352
47,9x4,36,2681752
48,9x4,36,2695912
49,9x4,36,2717808
50,9x4,36,2711808
51,9x4,36,2724904
52,9x4,36,2732808
53,9x4,36,2726128
54,9x4,36,2715760
55,9x4,36,2730320
56,9x4,36,2715936
57,9x4,36,2716616
58,9x4,36,2717336
59,9x4,36,2706352
60,9x4,36,2710328
61,9x4,36,2708552
62,9x4,36,2719920
63,9x4,36,2698176
64,9x4,36,2694384
65,9x4,36,2696344
66,9x4,36,2691112
67,9x4,36,2692608
68,9x4,36,2703504
69,9x4,36,2693560
70,9x4,36,2708272
71,9x4,36,2696512
72,9x4,36,2692440
73,9x4,36,2694904
74,9x4,36,2680144
75,9x4,36,2679584
76,9x4,36,2681208
77,9x4,36,2679568
78,9x4,36,2676840
79,9x4,36,2674248
80,9x4,36,2666168
81,9x4,36,2671280
82,9x4,36,2671856
83,9x4,36,2679112
84,9x4,36,2675200
85,9x4,36,2670816
86,9x4,36,2673952
87,9x4,36,2674896
88,9x4,36,2669896
89,9x4,36,2663120
0,9x4,44,1153288
1,9x4,44,1152120
2,9x4,44,1153648
3,9x4,44,1158984
4,9x4,44,1162040
5,9x4,44,1150256
6,9x4,44,1150848
7,9x4,44,1151288
8,9x4,44,1152080
9,9x4,44,1150616
10,9x4,44,1155192
11,9x4,44,1149152
12,9x4,44,1156352
13,9x4,44,1154744
14,9x4,44,1153464
15,9x4,44,1156856
16,9x4,44,1145816
17,9x4,44,1147376
18,9x4,44,1147392
19,9x4,44,1150672
20,9x4,44,1145984
21,9x4,44,1154688
22,9x4,44,1149504
23,9x4,44,1148256
24,9x4,44,1148832
25,9x4,44,1148888
26,9x4,44,1148864
27,9x4,44,1143728
28,9x4,44,1145648
29,9x4,44,1139952
30,9x4,44,1141872
31,9x4,44,1146080
32,9x4,44,1142584
33,9x4,44,1146064
34,9x4,44,1148912
35,9x4,44,1149520
36,9x4,44,1147520
37,9x4,44,1148368
38,9x4,44,1148032
39,9x4,44,1148056
40,9x4,44,1147712
41,9x4,44,1149456
42,9x4,44,1150584
43,9x4,44,1158568
44,9x4,44,1157040
45,9x4,44,1158184
46,9x4,44,1160936
47,9x4,44,1157888
48,9x4,44,1163664
49,9x4,44,1175528
50,9x4,44,1172256
51,9x4,44,1178592
52,9x4,44,1183408
53,9x4,44,1179760
54,9x4,44,1174136
55,9x4,44,1175936
56,9x4,44,1171000
57,9x4,44,1170152
58,9x4,44,1173456
59,9x4,44,1167520
60,9x4,44,1169864
61,9x4,44,1170800
62,9x4,44,1177296
63,9x4,44,1169536
64,9x4,44,1165424
65,9x4,44,1168072
66,9x4,44,1168632
67,9x4,44,1168488
68,9x4,44,1176472
69,9x4,44,1171728
70,9x4,44,1179032
71,9x4,44,1172824
72,9x4,44,1169832
73,9x4,44,1169568
74,9x4,44,1168072
75,9x4,44,1167696
76,9x4,44,1165712
77,9x4,44,1162520
78,9x4,44,1165064
79,9x4,44,1163536
80,9x4,44,1158360
81,9x4,44,1158488
82,9x4,44,1161144
83,9x4,44,1165216
84,9x4,44,1160288
85,9x4,44,1159784
86,9x4,44,1161704
87,9x4,44,1161296
88,9x4,44,1157872
89,9x4,44,1156512
0,9x4,48,817192
1,9x4,48,817024
2,9x4,48,817384
3,9x4,48,818312
4,9x4,48,822296
5,9x4,48,812912
6,9x4,48,811504
7,9x4,48,812208
8,9x4,48,812960
9,9x4,48,812128
10,9x4,48,816720
11,9x4,48,810656
12,9x4,48,817056
13,9x4,48,813096
14,9x4,48,812920
15,9x4,48,816968
16,9x4,48,808104
17,9x4,48,809600
18,9x4,48,809144
19,9x4,48,812448
20,9x4,48,808024
21,9x4,48,813648
22,9x4,48,812088
23,9x4,48,812128
24,9x4,48,811528
25,9x4,48,811664
26,9x4,48,811984
27,9x4,48,805736
28,9x4,48,808016
29,9x4,48,803672
30,9x4,48,805112
31,9x4,48,808232
32,9x4,48,805288
33,9x4,48,809008
34,9x4,48,809960
35,9x4,48,809208
36,9x4,48,811080
37,9x4,48,809528
38,9x4,48,810336
39,9x4,48,810264
40,9x4,48,812200
41,9x4,48,811120
42,9x4,48,811872
43,9x4,48,818448
44,9x4,48,817648
45,9x4,48,817840
46,9x4,48,821472
47,9x4,48,817768
48,9x4,48,823104
49,9x4,48,832304
50,9x4,48,829000
51,9x4,48,833784
52,9x4,48,837488
53,9x4,48,833792
54,9x4,48,829224
55,9x4,48,832016
56,9x4,48,828496
57,9x4,48,826880
58,9x4,48,831392
59,9x4,48,826552
60,9x4,48,827984
61,9x4,48,829176
62,9x4,48,836032
63,9x4,48,828720
64,9x4,48,824800
65,9x4,48,827176
66,9x4,48,828824
67,9x4,48,826368
68,9x4,48,831776
69,9x4,48,830800
70,9x4,48,835392
71,9x4,48,830184
72,9x4,48,830032
73,9x4,48,830080
74,9x4,48,827440
75,9x4,48,826696
76,9x4,48,826032
77,9x4,48,823984
78,9x4,48,825760
79,9x4,48,825192
80,9x4,48,819768
81,9x4,48,819600
82,9x4,48,821336
83,9x4,48,825336
84,9x4,48,823576
85,9x4,48,819568
86,9x4,48,822128
87,9x4,48,821312
88,9x4,48,817432
89,9x4,48,817088
0,9x4,50,707184
1,9x4,50,707432
2,9x4,50,708560
3,9x4,50,706536
4,9x4,50,710136
5,9x4,50,703992
6,9x4,50,703688
7,9x4,50,704280
8,9x4,50,704384
9,9x4,50,701960
10,9x4,50,707264
11,9x4,50,702896
12,9x4,50,706504
13,9x4,50,704144
14,9x4,50,701936
15,9x4,50,708744
16,9x4,50,699528
17,9x4,50,700200
18,9x4,50,700992
19,9x4,50,703504
20,9x4,50,700304
21,9x4,50,704000
22,9x4,50,701376
23,9x4,50,701168
24,9x4,50,703352
25,9x4,50,702312
26,9x4,50,701816
27,9x4,50,696128
28,9x4,50,698384
29,9x4,50,694168
30,9x4,50,697136
31,9x4,50,698016
32,9x4,50,694624
33,9x4,50,699416
34,9x4,50,699480
35,9x4,50,700256
36,9x4,50,701512
37,9x4,50,700112
38,9x4,50,701872
39,9x4,50,700872
40,9x4,50,701904
41,9x4,50,700832
42,9x4,50,702616
43,9x4,50,707104
44,9x4,50,709344
45,9x4,50,708608
46,9x4,50,709040
47,9x4,50,706840
48,9x4,50,713264
49,9x4,50,721480
50,9x4,50,717304
51,9x4,50,721512
52,9x4,50,725248
53,9x4,50,722272
54,9x4,50,719400
55,9x4,50,720296
56,9x4,50,716320
57,9x4,50,718584
58,9x4,50,721336
59,9x4,50,716424
60,9x4,50,718640
61,9x4,50,717776
62,9x4,50,724664
63,9x4,50,719008
64,9x4,50,714464
65,9x4,50,717920
66,9x4,50,716376
67,9x4,50,717128
68,9x4,50,722736
69,9x4,50,718512
70,9x4,50,723896
71,9x4,50,719032
72,9x4,50,718096
73,9x4,50,718240
74,9x4,50,715144
75,9x4,50,715120
76,9x4,50,715784
77,9x4,50,713416
78,9x4,50,714928
79,9x4,50,714576
80,9x4,50,710696
81,9x4,50,711080
82,9x4,50,710856
83,9x4,50,715472
84,9x4,50,711808
85,9x4,50,710208
86,9x4,50,712464
87,9x4,50,709888
88,9x4,50,708776
89,9x4,50,708312
0,12x3,20,13197976
1,12x3,20,13192744
2,12x3,20,13193352
3,12x3,20,13174088
4,12x3,20,13158776
5,12x3,20,13163392
6,12x3,20,13168304
7,12x3,20,13164816
8,12x3,20,13168336
9,12x3,20,13163552
10,12x3,20,13161120
11,12x3,20,13170032
12,12x3,20,13149768
13,12x3,20,13158936
14,12x3,20,13167368
15,12x3,20,13155832
16,12x3,20,13147568
17,12x3,20,13152256
18,12x3,20,13152728
19,12x3,20,13133368
20,12x3,20,13141360
21,12x3,20,13173160
22,12x3,20,13177688
23,12x3,20,13179368
24,12x3,20,13180640
25,12x3,20,13182992
26,12x3,20,13182920
27,12x3,20,13195056
28,12x3,20,13174904
29,12x3,20,13181744
30,12x3,20,13181976
31,12x3,20,13198472
32,12x3,20,13218760
33,12x3,20,13214208
34,12x3,20,13221832
35,12x3,20,13202272
36,12x3,20,13225232
37,12x3,20,13223608
38,12x3,20,13222592
39,12x3,20,13224880
40,12x3,20,13225256
41,12x3,20,13226040
42,12x3,20,13237984
43,12x3,20,13211480
44,12x3,20,13231224
45,12x3,20,13231344
46,12x3,20,13222896
47,12x3,20,13244336
48,12x3,20,13251000
49,12x3,20,13257768
50,12x3,20,13238776
51,12x3,20,13247560
52,12x3,20,13285576
53,12x3,20,13286144
54,12x3,20,13260520
55,12x3,20,13263288
56,12x3,20,13256072
57,12x3,20,13230824
58,12x3,20,13222320
59,12x3,20,13209296
60,12x3,20,13169768
61,12x3,20,13146728
62,12x3,20,13114824
63,12x3,20,13116264
64,12x3,20,13074512
65,12x3,20,13072216
66,12x3,20,13050400
67,12x3,20,13048288
68,12x3,20,13032080
69,12x3,20,13063352
70,12x3,20,13090776
71,12x3,20,13096832
72,12x3,20,13101560
73,12x3,20,13104832
74,12x3,20,13118616
75,12x3,20,13118032
76,12x3,20,13128248
77,12x3,20,13136896
78,12x3,20,13128672
79,12x3,20,13119880
80,12x3,20,13128336
81,12x3,20,13139464
82,12x3,20,13143696
83,12x3,20,13156496
84,12x3,20,13129160
85,12x3,20,13129464
86,12x3,20,13141448
87,12x3,20,13126584
88,12x3,20,13134664
89,12x3,20,13139208
0,12x3,36,2385336
1,12x3,36,2383864
2,12x3,36,2382232
3,12x3,36,2381112
4,12x3,36,2377904
5,12x3,36,2378384
6,12x3,36,2381624
7,12x3,36,2381904
8,12x3,36,2381160
9,12x3,36,2382656
10,12x3,36,2382920
11,12x3,36,2382320
12,12x3,36,2378656
13,12x3,36,2381848
14,12x3,36,2379104
15,12x3,36,2381328
16,12x3,36,2376112
17,12x3,36,2378960
18,12x3,36,2379112
19,12x3,36,2371904
20,12x3,36,2375968
21,12x3,36,2377688
22,12x3,36,2379392
23,12x3,36,2375440
24,12x3,36,2379208
25,12x3,36,2379928
26,12x3,36,2379552
27,12x3,36,2376192
28,12x3,36,2368264
29,12x3,36,2368560
30,12x3,36,2373704
31,12x3,36,2377736
32,12x3,36,2386152
33,12x3,36,2381416
34,12x3,36,2381240
35,12x3,36,2380768
36,12x3,36,2388992
37,12x3,36,2389264
38,12x3,36,2387832
39,12x3,36,2391784
40,12x3,36,2390536
41,12x3,36,2388168
42,12x3,36,2392728
43,12x3,36,2397112
44,12x3,36,2403496
45,12x3,36,2406144
46,12x3,36,2406424
47,12x3,36,2413272
48,12x3,36,2421424
49,12x3,36,2430120
50,12x3,36,2434032
51,12x3,36,2438424
52,12x3,36,2453256
53,12x3,36,2452088
54,12x3,36,2443480
55,12x3,36,2444272
56,12x3,36,2446096
57,12x3,36,2438616
58,12x3,36,2440744
59,12x3,36,2435576
60,12x3,36,2423784
61,12x3,36,2421544
62,12x3,36,2414632
63,12x3,36,2411000
64,12x3,36,2400568
65,12x3,36,2397496
66,12x3,36,2391496
67,12x3,36,2396592
68,12x3,36,2395064
69,12x3,36,2407056
70,12x3,36,2418376
71,12x3,36,2418536
72,12x3,36,2407304
73,12x3,36,2403432
74,12x3,36,2402048
75,12x3,36,2396640
76,12x3,36,2393816
77,12x3,36,2390488
78,12x3,36,2384600
79,12x3,36,2383488
80,12x3,36,2383944
81,12x3,36,2390344
82,12x3,36,2393368
83,12x3,36,2392592
84,12x3,36,2385088
85,12x3,36,2380488
86,12x3,36,2381480
87,12x3,36,2379080
88,12x3,36,2383928
89,12x3,36,2382904
0,12x3,44,1036616
1,12x3,44,1034696
2,12x3,44,1040352
3,12x3,44,1033888
4,12x3,44,1032632
5,12x3,44,1031848
6,12x3,44,1032088
7,12x3,44,1031728
8,12x3,44,1032656
9,12x3,44,1035488
10,12x3,44,1034376
11,12x3,44,1031480
12,12x3,44,1032592
13,12x3,44,1032520
14,12x3,44,1032520
15,12x3,44,1031744
16,12x3,44,1028256
17,12x3,44,1030888
18,12x3,44,1029608
19,12x3,44,1027984
20,12x3,44,1024760
21,12x3,44,1028624
22,12x3,44,1027496
23,12x3,44,1026440
24,12x3,44,1027336
25,12x3,44,1027864
26,12x3,44,1027200
27,12x3,44,1026832
28,12x3,44,1028632
29,12x3,44,1024768
30,12x3,44,1027672
31,12x3,44,1028992
32,12x3,44,1031344
33,12x3,44,1032080
34,12x3,44,1033216
35,12x3,44,1032928
36,12x3,44,1034112
37,12x3,44,1035144
38,12x3,44,1035304
39,12x3,44,1035768
40,12x3,44,1034904
41,12x3,44,1034624
42,12x3,44,1038104
43,12x3,44,1039432
44,12x3,44,1042528
45,12x3,44,1043360
46,12x3,44,1043728
47,12x3,44,1048440
48,12x3,44,1052520
49,12x3,44,1057328
50,12x3,44,1060320
51,12x3,44,1061456
52,12x3,44,1067504
53,12x3,44,1065856
54,12x3,44,1060064
55,12x3,44,1061536
56,12x3,44,1059344
57,12x3,44,1056968
58,12x3,44,1057304
59,12x3,44,1058360
60,12x3,44,1052912
61,12x3,44,1056344
62,12x3,44,1052096
63,12x3,44,1050984
64,12x3,44,1045600
65,12x3,44,1042648
66,12x3,44,1043808
67,12x3,44,1045976
68,12x3,44,1048352
69,12x3,44,1053736
70,12x3,44,1057384
71,12x3,44,1058544
72,12x3,44,1051384
73,12x3,44,1054728
74,12x3,44,1050736
75,12x3,44,1049792
76,12x3,44,1048264
77,12x3,44,1046368
78,12x3,44,1041608
79,12x3,44,1046832
80,12x3,44,1042760
81,12x3,44,1043376
82,12x3,44,1045312
83,12x3,44,1045880
84,12x3,44,1039384
85,12x3,44,1039888
86,12x3,44,1039584
87,12x3,44,1034720
88,12x3,44,1037096
89,12x3,44,1038232
0,12x3,48,737336
1,12x3,48,737616
2,12x3,48,735080
3,12x3,48,733656
4,12x3,48,733992
5,12x3,48,733736
6,12x3,48,733784
7,12x3,48,732568
8,12x3,48,734496
9,12x3,48,733752
10,12x3,48,734144
11,12x3,48,737592
12,12x3,48,729976
13,12x3,48,733184
14,12x3,48,734680
15,12x3,48,732872
16,12x3,48,733696
17,12x3,48,729272
18,12x3,48,730920
19,12x3,48,729168
20,12x3,48,727872
21,12x3,48,731024
22,12x3,48,727328
23,12x3,48,729240
24,12x3,48,728312
25,12x3,48,727528
26,12x3,48,731488
27,12x3,48,730304
28,12x3,48,726464
29,12x3,48,729936
30,12x3,48,727136
31,12x3,48,729752
32,12x3,48,730752
33,12x3,48,729472
34,12x3,48,733848
35,12x3,48,734840
36,12x3,48,734440
37,12x3,48,734072
38,12x3,48,733808
39,12x3,48,734008
40,12x3,48,743448
41,12x3,48,734688
42,12x3,48,738656
43,12x3,48,736488
44,12x3,48,738960
45,12x3,48,738944
46,12x3,48,741640
47,12x3,48,746640
48,12x3,48,746848
49,12x3,48,754656
50,12x3,48,751952
51,12x3,48,753320
52,12x3,48,760248
53,12x3,48,760448
54,12x3,48,754504
55,12x3,48,754920
56,12x3,48,755208
57,12x3,48,752488
58,12x3,48,755592
59,12x3,48,752816
60,12x3,48,748944
61,12x3,48,752448
62,12x3,48,750400
63,12x3,48,748800
64,12x3,48,744968
65,12x3,48,743208
66,12x3,48,742848
67,12x3,48,743944
68,12x3,48,746760
69,12x3,48,752968
70,12x3,48,751736
71,12x3,48,755600
72,12x3,48,747664
73,12x3,48,749600
74,12x3,48,751704
75,12x3,48,748576
76,12x3,48,746104
77,12x3,48,746240
78,12x3,48,744680
79,12x3,48,745696
80,12x3,48,747336
81,12x3,48,743896
82,12x3,48,743592
83,12x3,48,744072
84,12x3,48,738656
85,12x3,48,741056
86,12x3,48,739504
87,12x3,48,738024
88,12x3,48,734544
89,12x3,48,737240
0,12x3,50,640280
1,12x3,50,644680
2,12x3,50,641128
3,12x3,50,638080
4,12x3,50,636992
5,12x3,50,640464
6,12x3,50,637264
7,12x3,50,638320
8,12x3,50,637472
9,12x3,50,638624
10,12x3,50,637656
11,12x3,50,640376
12,12x3,50,639160
13,12x3,50,639784
14,12x3,50,636896
15,12x3,50,637688
16,12x3,50,633952
17,12x3,50,635008
18,12x3,50,635424
19,12x3,50,636848
20,12x3,50,675096
21,12x3,50,637224
22,12x3,50,636656
23,12x3,50,634632
24,12x3,50,635176
25,12x3,50,635008
26,12x3,50,636160
27,12x3,50,633288
28,12x3,50,630328
29,12x3,50,632016
30,12x3,50,630536
31,12x3,50,632600
32,12x3,50,634000
33,12x3,50,633416
34,12x3,50,636400
35,12x3,50,635672
36,12x3,50,638704
37,12x3,50,639528
38,12x3,50,639056
39,12x3,50,639944
40,12x3,50,639792
41,12x3,50,638616
42,12x3,50,639288
43,12x3,50,640984
44,12x3,50,642736
45,12x3,50,644040
46,12x3,50,644136
47,12x3,50,645736
48,12x3,50,650480
49,12x3,50,652552
50,12x3,50,654464
51,12x3,50,657792
52,12x3,50,660832
53,12x3,50,661600
54,12x3,50,658336
55,12x3,50,656248
56,12x3,50,656880
57,12x3,50,655320
58,12x3,50,654472
59,12x3,50,654472
60,12x3,50,653288
61,12x3,50,654384
62,12x3,50,652728
63,12x3,50,652656
64,12x3,50,647000
65,12x3,50,648720
66,12x3,50,646232
67,12x3,50,648888
68,12x3,50,650208
69,12x3,50,652000
70,12x3,50,654728
71,12x3,50,654648
72,12x3,50,650624
73,12x3,50,651064
74,12x3,50,653392
75,12x3,50,650240
76,12x3,50,648176
77,12x3,50,689104
78,12x3,50,644224
79,12x3,50,644512
80,12x3,50,644240
81,12x3,50,685936
82,12x3,50,645528
83,12x3,50,645208
84,12x3,50,642832
85,12x3,50,681336
86,12x3,50,645632
87,12x3,50,640232
88,12x3,50,680680
89,12x3,50,640776
