pose_traces,x,y,z
pose0,10,0.000000,0.000000
pose0,10,-0.242851,0.132442
pose0,10,-0.485045,0.265074
pose0,10,-0.728165,0.398216
pose0,10,-0.971797,0.532195
pose0,10,-1.216412,0.667275
pose0,10,-1.462688,0.803839
pose0,10,-1.710058,0.942144
pose0,10,-1.960093,1.081494
pose0,10,-2.211552,1.223366
pose0,10,-2.465872,1.368023
pose0,10,-2.722633,1.515847
pose0,10,-2.982467,1.667244
pose0,10,-3.246044,1.821592
pose0,10,-3.514072,1.980402
pose0,10,-3.755174,2.150893
pose0,10,-4.000327,2.325291
pose0,10,-4.250342,2.505247
pose0,10,-4.505572,2.689967
pose0,10,-4.766287,2.880836
pose0,10,-5.032169,3.079164
pose0,10,-5.305274,3.283849
pose0,10,-5.586051,3.497185
pose0,10,-5.873676,3.718441
pose0,10,-6.171210,3.950199
pose0,10,-6.477055,4.191311
pose0,10,-6.793238,4.444598
pose0,10,-7.121499,4.708149
pose0,10,-7.461718,4.987803
pose0,10,-6.917934,4.960478
pose0,10,-6.401015,4.938880
pose0,10,-5.969217,4.922006
pose0,10,-5.554641,4.909884
pose0,10,-5.158006,4.904050
pose0,10,-4.775707,4.904203
pose0,10,-4.407426,4.909522
pose0,10,-4.050037,4.920994
pose0,10,-3.703031,4.936167
pose0,10,-3.365320,4.956702
pose0,10,-3.035377,4.982541
pose0,10,-2.712910,5.013665
pose0,10,-2.396571,5.050091
pose0,10,-2.085085,5.090756
pose0,10,-1.778565,5.138566
pose0,10,-1.446547,5.201723
pose0,10,-1.117548,5.270506
pose0,10,-0.792668,5.343989
pose0,10,-0.468593,5.424608
pose0,10,-0.146454,5.510403
pose0,10,0.174821,5.602159
pose0,10,0.496251,5.700829
pose0,10,0.818940,5.806815
pose0,10,1.142654,5.918099
pose0,10,1.467483,6.037595
pose0,10,1.795750,6.165888
pose0,10,2.128239,6.302180
pose0,10,2.463682,6.445907
pose0,10,2.804997,6.600479
pose0,10,3.151345,6.764407
pose0,10,3.504689,6.940184
pose0,10,3.866085,7.128041
pose0,10,4.235259,7.326945
pose0,10,4.615531,7.540275
pose0,10,5.007451,7.769526
pose0,10,5.410250,8.012931
pose0,10,5.827846,8.275911
pose0,10,6.262558,8.557810
pose0,10,6.712208,8.858370
pose0,10,7.184138,9.185451
pose0,10,7.676409,9.536425
pose0,10,8.184504,9.909423
pose0,10,8.002808,9.723976
pose0,10,7.823952,9.543143
pose0,10,7.647478,9.368170
pose0,10,7.473593,9.195887
pose0,10,7.303295,9.030498
pose0,10,7.133862,8.867459
pose0,10,6.967731,8.709394
pose0,10,6.803737,8.554848
pose0,10,6.642756,8.404885
pose0,10,6.484624,8.259291
pose0,10,6.327794,8.116476
pose0,10,6.174055,7.977958
pose0,10,6.021418,7.841938
pose0,10,5.868988,7.708606
pose0,10,5.720970,7.579879
pose0,10,5.574310,7.453576
pose0,10,5.427657,7.328318
pose0,10,5.283697,7.208515
pose0,10,5.142864,7.090452
pose1,10,0.000000,0.000000
pose1,10,-0.056678,-0.038845
pose1,10,-0.113274,-0.076608
pose1,10,-0.169789,-0.115288
pose1,10,-0.225247,-0.152909
pose1,10,-0.281657,-0.191481
pose1,10,-0.338006,-0.228996
pose1,10,-0.394295,-0.267445
pose1,10,-0.450564,-0.305874
pose1,10,-0.505834,-0.343305
pose1,10,-0.562059,-0.381689
pose1,10,-0.617307,-0.419096
pose1,10,-0.673519,-0.457466
pose1,10,-0.728775,-0.494881
pose1,10,-0.785004,-0.533269
pose1,10,-0.840299,-0.570723
pose1,10,-0.895666,-0.608251
pose1,10,-0.951036,-0.646774
pose1,10,-1.006406,-0.684305
pose1,10,-1.061876,-0.721938
pose1,10,-1.117460,-0.760681
pose1,10,-1.173068,-0.798453
pose1,10,-1.227703,-0.836249
pose1,10,-1.283593,-0.875304
pose1,10,-1.338408,-0.913283
pose1,10,-1.393515,-0.951562
pose1,10,-1.448540,-0.989758
pose1,10,-1.503890,-1.028287
pose1,10,-1.559159,-1.066734
pose1,10,-1.609111,-1.125020
pose1,10,-1.660227,-1.183481
pose1,10,-1.710512,-1.242118
pose1,10,-1.761131,-1.301105
pose1,10,-1.811930,-1.360281
pose1,10,-1.863088,-1.418827
pose1,10,-1.913615,-1.478772
pose1,10,-1.965163,-1.538737
pose1,10,-2.016287,-1.598303
pose1,10,-2.067626,-1.659111
pose1,10,-2.118166,-1.720154
pose1,10,-2.170152,-1.780635
pose1,10,-2.221570,-1.841591
pose1,10,-2.273228,-1.903830
pose1,10,-2.325129,-1.965310
pose1,10,-2.377512,-2.027303
pose1,10,-2.429123,-2.089574
pose1,10,-2.481241,-2.152389
pose1,10,-2.533886,-2.215771
pose1,10,-2.585777,-2.279465
pose1,10,-2.638991,-2.343476
pose1,10,-2.691727,-2.408096
pose1,10,-2.744762,-2.473051
pose1,10,-2.797339,-2.538651
pose1,10,-2.850227,-2.603554
pose1,10,-2.903734,-2.670187
pose1,10,-2.957572,-2.736139
pose1,10,-3.010680,-2.802467
pose1,10,-3.064769,-2.870928
pose1,10,-3.118888,-2.938388
pose1,10,-3.172624,-3.006611
pose1,10,-3.226723,-3.075257
pose1,10,-3.281540,-3.144708
pose1,10,-3.337104,-3.214993
pose1,10,-3.391613,-3.285354
pose1,10,-3.447261,-3.355888
pose1,10,-3.501849,-3.427597
pose1,10,-3.557230,-3.499114
pose1,10,-3.613432,-3.572668
pose1,10,-3.668559,-3.645208
pose1,10,-3.724941,-3.719162
pose1,10,-3.781359,-3.793215
pose1,10,-3.838659,-3.868283
pose1,10,-3.895746,-3.944404
pose1,10,-3.952187,-4.021124
pose1,10,-4.009110,-4.098451
pose1,10,-4.066989,-4.176906
pose1,10,-4.125379,-4.254861
pose1,10,-4.183139,-4.333458
pose1,10,-4.240753,-4.414409
pose1,10,-4.300060,-4.494892
pose1,10,-4.359262,-4.576639
pose1,10,-4.417859,-4.659111
pose1,10,-4.477017,-4.742319
pose1,10,-4.537288,-4.825699
pose1,10,-4.596970,-4.911039
pose1,10,-4.657247,-4.995979
pose1,10,-4.717502,-5.083560
pose1,10,-4.778381,-5.170781
pose1,10,-4.839891,-5.258847
pose1,10,-4.901431,-5.348461
pose2,10,0.000000,0.000000
pose2,10,0.172876,-0.181037
pose2,10,0.344841,-0.363181
pose2,10,0.517174,-0.544775
pose2,10,0.690159,-0.727162
pose2,10,0.863077,-0.909689
pose2,10,1.035208,-1.094720
pose2,10,1.208851,-1.280609
pose2,10,1.382156,-1.467569
pose2,10,1.555649,-1.657286
pose2,10,1.730381,-1.848813
pose2,10,1.904558,-2.043521
pose2,10,2.080888,-2.241241
pose2,10,2.257255,-2.441958
pose2,10,2.433918,-2.646075
pose2,10,2.612208,-2.854021
pose2,10,2.790567,-3.066596
pose2,10,2.971191,-3.285078
pose2,10,3.152241,-3.507841
pose2,10,3.335119,-3.735418
pose2,10,3.519061,-3.970617
pose2,10,3.704017,-4.211377
pose2,10,3.891825,-4.459952
pose2,10,4.080155,-4.716545
pose2,10,4.270926,-4.981330
pose2,10,4.463595,-5.253863
pose2,10,4.657764,-5.536755
pose2,10,4.855576,-5.830495
pose2,10,5.054565,-6.133807
pose2,10,5.256814,-6.450075
pose2,10,5.410940,-6.790898
pose2,10,5.569959,-7.145139
pose2,10,5.731667,-7.514811
pose2,10,5.896593,-7.902147
pose2,10,5.607215,-7.458768
pose2,10,5.323601,-7.038796
pose2,10,5.045516,-6.640118
pose2,10,4.772215,-6.259406
pose2,10,4.503575,-5.896914
pose2,10,4.238881,-5.550837
pose2,10,3.978671,-5.219576
pose2,10,3.721566,-4.902312
pose2,10,3.500175,-4.828221
pose2,10,3.280677,-4.757073
pose2,10,3.063618,-4.688161
pose2,10,2.849151,-4.621942
pose2,10,2.635610,-4.557749
pose2,10,2.425368,-4.496031
pose2,10,2.215708,-4.436154
pose2,10,2.007602,-4.376948
pose2,10,1.801355,-4.321553
pose2,10,1.596098,-4.267258
pose2,10,1.392311,-4.214412
pose2,10,1.189421,-4.164115
pose2,10,1.032281,-4.118258
pose2,10,0.876800,-4.075678
pose2,10,0.720394,-4.033231
pose2,10,0.565085,-3.993011
pose2,10,0.410827,-3.953298
pose2,10,0.255332,-3.916163
pose2,10,0.101614,-3.879437
pose2,10,-0.053663,-3.844134
pose2,10,-0.208546,-3.809781
pose2,10,-0.363161,-3.776774
pose2,10,-0.518725,-3.745075
pose2,10,-0.674288,-3.715284
pose2,10,-0.830105,-3.686096
pose2,10,-0.986208,-3.657706
pose2,10,-1.143870,-3.629443
pose2,10,-1.069926,-3.510817
pose2,10,-0.995654,-3.391875
pose2,10,-0.921971,-3.275304
pose2,10,-0.847811,-3.158962
pose2,10,-0.782833,-3.036474
pose2,10,-0.717454,-2.916602
pose2,10,-0.651579,-2.796882
pose2,10,-0.586218,-2.677275
pose2,10,-0.521389,-2.560066
pose2,10,-0.456033,-2.443125
pose2,10,-0.391064,-2.325867
pose2,10,-0.325545,-2.211047
pose2,10,-0.260392,-2.096062
pose2,10,-0.195582,-1.981884
pose2,10,-0.130096,-1.867677
pose2,10,-0.064903,-1.755376
pose2,10,0.000033,-1.642717
pose2,10,0.065743,-1.530842
pose2,10,0.130249,-1.419517
pose2,10,0.195591,-1.307862
pose2,10,0.260779,-1.197661
pose3,10,0.000000,0.000000
pose3,10,-0.038544,0.262180
pose3,10,-0.078062,0.523153
pose3,10,-0.116631,0.784554
pose3,10,-0.155309,1.046919
pose3,10,-0.193160,1.308815
pose3,10,-0.232251,1.572819
pose3,10,-0.270663,1.838710
pose3,10,-0.308416,2.105733
pose3,10,-0.346600,2.375681
pose3,10,-0.385290,2.648185
pose3,10,-0.423531,2.924942
pose3,10,-0.461385,3.204606
pose3,10,-0.498911,3.488940
pose3,10,-0.537178,3.778324
pose3,10,-0.574188,4.072881
pose3,10,-0.612124,4.374557
pose3,10,-0.649945,4.681633
pose3,10,-0.687710,4.997164
pose3,10,-0.724433,5.320555
pose3,10,-0.618926,5.330684
pose3,10,-0.513677,5.341392
pose3,10,-0.408649,5.352684
pose3,10,-0.303814,5.364082
pose3,10,-0.199097,5.377193
pose3,10,-0.066204,5.428302
pose3,10,0.068534,5.480836
pose3,10,0.202889,5.533542
pose3,10,0.336959,5.586591
pose3,10,0.473007,5.641610
pose3,10,0.608823,5.697495
pose3,10,0.745672,5.754930
pose3,10,0.882283,5.811469
pose3,10,1.020039,5.870748
pose3,10,1.158894,5.930988
pose3,10,1.298897,5.991053
pose3,10,1.439103,6.053976
pose3,10,1.579234,6.117237
pose3,10,1.688989,6.134787
pose3,10,1.797185,6.153759
pose3,10,1.907790,6.173264
pose3,10,2.018309,6.194967
pose3,10,2.128783,6.216532
pose3,10,2.240717,6.241109
pose3,10,2.353645,6.264849
pose3,10,2.466678,6.290916
pose3,10,2.580179,6.317719
pose3,10,2.695123,6.346941
pose3,10,2.810005,6.375396
pose3,10,2.926785,6.405915
pose3,10,3.043966,6.438976
pose3,10,3.162839,6.472164
pose3,10,3.282233,6.506743
pose3,10,3.425476,6.581176
pose3,10,3.567882,6.655743
pose3,10,3.713281,6.731733
pose3,10,3.685019,6.650962
pose3,10,3.658945,6.570926
pose3,10,3.632067,6.493238
pose3,10,3.605636,6.415393
pose3,10,3.578857,6.339412
pose3,10,3.553731,6.264457
pose3,10,3.526590,6.189301
pose3,10,3.501508,6.117106
pose3,10,3.475213,6.043935
pose3,10,3.450149,5.973173
pose3,10,3.423886,5.902622
pose3,10,3.398424,5.833683
pose3,10,3.373351,5.764454
pose3,10,3.349042,5.696769
pose3,10,3.323936,5.631097
pose3,10,3.299202,5.565092
pose3,10,3.273684,5.499913
pose3,10,3.248896,5.435008
pose3,10,3.224814,5.372630
pose3,10,3.200732,5.309281
pose3,10,3.176205,5.247273
pose3,10,3.152022,5.187133
pose3,10,3.128504,5.127136
pose3,10,3.104195,5.066722
pose3,10,3.081643,5.008645
pose3,10,3.057183,4.950123
pose3,10,3.020457,4.871087
pose3,10,2.982867,4.791446
pose3,10,2.945812,4.712784
pose3,10,2.909274,4.635066
pose3,10,2.872670,4.557334
pose3,10,2.835481,4.479430
pose3,10,2.798785,4.403497
pose3,10,2.762296,4.326900
pose4,10,0.000000,0.000000
pose4,10,-0.081802,0.082242
pose4,10,-0.163525,0.163415
pose4,10,-0.244216,0.245558
pose4,10,-0.325857,0.327657
pose4,10,-0.407525,0.408781
pose4,10,-0.488176,0.490887
pose4,10,-0.569911,0.573069
pose4,10,-0.650659,0.654264
pose4,10,-0.731553,0.736587
pose4,10,-0.812488,0.818947
pose4,10,-0.893629,0.900493
pose4,10,-0.974842,0.983103
pose4,10,-1.056322,1.064953
pose4,10,-1.137904,1.147895
pose4,10,-1.218814,1.230132
pose4,10,-1.299857,1.312489
pose4,10,-1.381162,1.396085
pose4,10,-1.461884,1.479059
pose4,10,-1.543791,1.562197
pose4,10,-1.625178,1.645774
pose4,10,-1.706778,1.729546
pose4,10,-1.787749,1.813665
pose4,10,-1.869125,1.898157
pose4,10,-1.950931,1.983043
pose4,10,-2.033386,2.068523
pose4,10,-2.115123,2.154281
pose4,10,-2.197367,2.239488
pose4,10,-2.280145,2.326210
pose4,10,-2.362235,2.412224
pose4,10,-2.442293,2.476101
pose4,10,-2.524079,2.539609
pose4,10,-2.605315,2.603571
pose4,10,-2.686517,2.669507
pose4,10,-2.768236,2.734906
pose4,10,-2.849990,2.801322
pose4,10,-2.933350,2.867235
pose4,10,-3.015475,2.935017
pose4,10,-3.098490,3.003659
pose4,10,-3.182430,3.072136
pose4,10,-3.265939,3.142296
pose4,10,-3.349690,3.212652
pose4,10,-3.434114,3.283682
pose4,10,-3.518501,3.355730
pose4,10,-3.603961,3.428837
pose4,10,-3.689447,3.503045
pose4,10,-3.776080,3.578397
pose4,10,-3.862404,3.653461
pose4,10,-3.949931,3.729728
pose4,10,-4.036491,3.808352
pose4,10,-4.124326,3.887172
pose4,10,-4.213486,3.967341
pose4,10,-4.302432,4.048472
pose4,10,-4.391636,4.129900
pose4,10,-4.481133,4.213943
pose4,10,-4.571602,4.297904
pose4,10,-4.662422,4.383430
pose4,10,-4.754790,4.470581
pose4,10,-4.846432,4.559423
pose4,10,-4.939160,4.649483
pose4,10,-5.032383,4.740158
pose4,10,-5.127330,4.833873
pose4,10,-5.221079,4.927747
pose4,10,-5.316628,5.023590
pose4,10,-5.412206,5.120861
pose4,10,-5.510324,5.219647
pose4,10,-5.585797,5.310181
pose4,10,-5.663876,5.402325
pose4,10,-5.742055,5.496056
pose4,10,-5.820336,5.591408
pose4,10,-5.899453,5.689154
pose4,10,-5.979464,5.788122
pose4,10,-6.060945,5.888891
pose4,10,-6.143424,5.992307
pose4,10,-6.224857,6.097659
pose4,10,-6.308675,6.205842
pose4,10,-6.394130,6.314782
pose4,10,-6.479462,6.426733
pose4,10,-6.565171,6.540904
pose4,10,-6.653535,6.658303
pose4,10,-6.740997,6.778097
pose4,10,-6.830299,6.898968
pose4,10,-6.479660,6.354685
pose4,10,-6.139624,5.842855
pose4,10,-5.807803,5.358857
pose4,10,-5.486253,4.901541
pose4,10,-5.210968,4.508903
pose4,10,-4.944134,4.137888
pose4,10,-4.682560,3.785327
pose4,10,-4.426244,3.446766
pose5,10,0.000000,0.000000
pose5,10,0.013258,-0.210343
pose5,10,0.026489,-0.420468
pose5,10,0.039717,-0.630560
pose5,10,0.052982,-0.840968
pose5,10,0.065313,-1.050899
pose5,10,0.078751,-1.261727
pose5,10,0.091300,-1.472476
pose5,10,0.105026,-1.684674
pose5,10,0.116933,-1.897455
pose5,10,0.130092,-2.111294
pose5,10,0.142471,-2.326063
pose5,10,0.155163,-2.543501
pose5,10,0.304272,-2.205950
pose5,10,0.452597,-1.875575
pose5,10,0.600749,-1.548688
pose5,10,0.749358,-1.225928
pose5,10,0.898170,-0.906052
pose5,10,1.046750,-0.586634
pose5,10,1.195733,-0.269362
pose5,10,1.367700,0.041768
pose5,10,1.540174,0.355874
pose5,10,1.713814,0.673292
pose5,10,1.888290,0.996408
pose5,10,2.065304,1.324659
pose5,10,2.243293,1.660394
pose5,10,2.423196,2.003300
pose5,10,2.605488,2.356926
pose5,10,2.789536,2.719568
pose5,10,2.975297,3.095496
pose5,10,3.163548,3.485777
pose5,10,3.353213,3.890714
pose5,10,3.546560,4.313097
pose5,10,3.736343,4.765392
pose5,10,3.927084,5.239024
pose5,10,4.122016,5.736022
pose5,10,4.318521,6.258393
pose5,10,4.519246,6.810773
pose5,10,4.309457,6.572619
pose5,10,4.102897,6.343263
pose5,10,3.900429,6.123290
pose5,10,3.701173,5.910059
pose5,10,3.503309,5.704580
pose5,10,3.309660,5.506742
pose5,10,3.117112,5.313019
pose5,10,2.927714,5.127337
pose5,10,2.740033,4.947279
pose5,10,2.554484,4.772536
pose5,10,2.370738,4.602694
pose5,10,2.188233,4.436844
pose5,10,2.006974,4.276305
pose5,10,1.827569,4.120232
pose5,10,1.650161,3.967090
pose5,10,1.472994,3.817835
pose5,10,1.296175,3.673059
pose5,10,1.121283,3.530565
pose5,10,0.947258,3.391984
pose5,10,0.773716,3.255600
pose5,10,0.600422,3.122241
pose5,10,0.427196,2.990978
pose5,10,0.254765,2.862287
pose5,10,0.082897,2.734937
pose5,10,-0.089670,2.610061
pose5,10,-0.262151,2.486138
pose5,10,-0.433791,2.364280
pose5,10,-0.606844,2.244031
pose5,10,-0.779565,2.125461
pose5,10,-0.953247,2.007355
pose5,10,-1.128042,1.890334
pose5,10,-1.303291,1.773423
pose5,10,-1.478098,1.657271
pose5,10,-1.654891,1.541899
pose5,10,-1.832746,1.426967
pose5,10,-2.012314,1.312622
pose5,10,-2.192462,1.197354
pose5,10,-2.374448,1.082035
pose5,10,-2.557765,0.966624
pose5,10,-2.743750,0.850934
pose5,10,-2.931383,0.734687
pose5,10,-3.120222,0.616755
pose5,10,-3.312326,0.498955
pose5,10,-3.506274,0.379073
pose5,10,-3.702012,0.258960
pose5,10,-3.901964,0.136316
pose5,10,-4.103716,0.012007
pose5,10,-4.309329,-0.113125
pose5,10,-4.518591,-0.241476
pose5,10,-4.730874,-0.372175
pose5,10,-4.946503,-0.505524
pose5,10,-5.167594,-0.640643
pose6,10,0.000000,0.000000
pose6,10,0.027602,-0.234764
pose6,10,0.054202,-0.469394
pose6,10,0.081808,-0.704316
pose6,10,0.109435,-0.939961
pose6,10,0.136091,-1.174639
pose6,10,0.163792,-1.411865
pose6,10,0.190544,-1.649076
pose6,10,0.218366,-1.888543
pose6,10,0.245252,-2.128639
pose6,10,0.272226,-2.371017
pose6,10,0.299301,-2.616173
pose6,10,0.326484,-2.864325
pose6,10,0.353786,-3.113861
pose6,10,0.234227,-2.780596
pose6,10,0.115287,-2.452493
pose6,10,-0.003506,-2.131683
pose6,10,-0.122665,-1.815136
pose6,10,-0.292752,-1.498225
pose6,10,-0.462143,-1.184065
pose6,10,-0.632385,-0.872695
pose6,10,-0.802784,-0.562870
pose6,10,-0.973132,-0.254757
pose6,10,-1.142602,0.053818
pose6,10,-1.313882,0.362839
pose6,10,-1.484374,0.672363
pose6,10,-1.655542,0.984408
pose6,10,-1.826881,1.299043
pose6,10,-1.998884,1.617366
pose6,10,-2.124529,1.913667
pose6,10,-2.250905,2.215409
pose6,10,-2.377727,2.523007
pose6,10,-2.506291,2.839602
pose6,10,-2.635030,3.164508
pose6,10,-2.765195,3.499886
pose6,10,-2.896554,3.845529
pose6,10,-3.029680,4.204290
pose6,10,-2.951049,4.080723
pose6,10,-2.873724,3.959121
pose6,10,-2.795876,3.838499
pose6,10,-2.717844,3.718190
pose6,10,-2.640368,3.598818
pose6,10,-2.562996,3.481180
pose6,10,-2.486144,3.364404
pose6,10,-2.408739,3.247412
pose6,10,-2.332434,3.133067
pose6,10,-2.255551,3.018447
pose6,10,-2.178376,2.904954
pose6,10,-2.102988,2.791495
pose6,10,-2.026218,2.680129
pose6,10,-1.950925,2.568410
pose6,10,-1.875521,2.459018
pose6,10,-1.843091,2.365063
pose6,10,-1.811324,2.271030
pose6,10,-1.780196,2.178940
pose6,10,-1.748440,2.087464
pose6,10,-1.717296,1.995830
pose6,10,-1.685935,1.905268
pose6,10,-1.654931,1.816263
pose6,10,-1.624476,1.725998
pose6,10,-1.593355,1.637261
pose6,10,-1.562941,1.549444
pose6,10,-1.532020,1.462295
pose6,10,-1.502399,1.374599
pose6,10,-1.472247,1.287533
pose6,10,-1.418033,1.229619
pose6,10,-1.365148,1.171145
pose6,10,-1.311592,1.113076
pose6,10,-1.258337,1.055385
pose6,10,-1.204242,0.997913
pose6,10,-1.151544,0.940910
pose6,10,-1.097984,0.883104
pose6,10,-1.044787,0.826687
pose6,10,-0.991693,0.770417
pose6,10,-0.937826,0.713408
pose6,10,-0.884154,0.656618
pose6,10,-0.831639,0.601002
pose6,10,-0.778303,0.544576
pose6,10,-0.724132,0.489275
pose6,10,-0.670988,0.433062
pose6,10,-0.608823,0.333805
pose6,10,-0.545577,0.234400
pose6,10,-0.483338,0.134911
pose6,10,-0.419993,0.036228
pose6,10,-0.356579,-0.063599
pose6,10,-0.293078,-0.163611
pose6,10,-0.229518,-0.263830
pose6,10,-0.166780,-0.364288
pose6,10,-0.102920,-0.465000
pose6,10,-0.038883,-0.565967
pose7,10,0.000000,0.000000
pose7,10,-0.290227,0.011026
pose7,10,-0.580108,0.021062
pose7,10,-0.871443,0.032122
pose7,10,-1.164924,0.043218
pose7,10,-1.459422,0.054364
pose7,10,-1.756603,0.064559
pose7,10,-2.056436,0.075842
pose7,10,-2.360593,0.087216
pose7,10,-2.669171,0.097666
pose7,10,-2.981796,0.109265
pose7,10,-3.300427,0.121003
pose7,10,-3.624997,0.132899
pose7,10,-3.956975,0.143905
pose7,10,-4.319826,0.176750
pose7,10,-4.692486,0.209827
pose7,10,-5.074177,0.242026
pose7,10,-5.466784,0.275604
pose7,10,-5.871868,0.309492
pose7,10,-6.289255,0.343713
pose7,10,-6.721825,0.377107
pose7,10,-7.170310,0.412087
pose7,10,-7.637778,0.447542
pose7,10,-7.207747,0.524699
pose7,10,-6.791152,0.599462
pose7,10,-6.390004,0.671103
pose7,10,-6.001076,0.738764
pose7,10,-5.623679,0.805176
pose7,10,-5.257588,0.868352
pose7,10,-4.900415,0.930855
pose7,10,-4.552141,0.990710
pose7,10,-4.211701,1.050376
pose7,10,-3.878113,1.107897
pose7,10,-3.551928,1.164702
pose7,10,-3.232166,1.221015
pose7,10,-2.917264,1.276785
pose7,10,-2.606397,1.332591
pose7,10,-2.301255,1.388362
pose7,10,-1.999063,1.444268
pose7,10,-1.700396,1.500641
pose7,10,-1.404527,1.556650
pose7,10,-1.110754,1.614530
pose7,10,-0.820311,1.672247
pose7,10,-0.542922,1.465990
pose7,10,-0.268059,1.262270
pose7,10,0.007160,1.060250
pose7,10,0.250641,0.906522
pose7,10,0.492481,0.754953
pose7,10,0.735357,0.604855
pose7,10,0.978067,0.454986
pose7,10,1.221181,0.305645
pose7,10,1.464539,0.156464
pose7,10,1.709906,0.006920
pose7,10,1.955738,-0.143492
pose7,10,2.204252,-0.295298
pose7,10,2.453677,-0.448966
pose7,10,2.706955,-0.605035
pose7,10,2.962114,-0.764146
pose7,10,3.220450,-0.925700
pose7,10,3.483076,-1.091404
pose7,10,3.749642,-1.284029
pose7,10,4.020477,-1.481412
pose7,10,4.298003,-1.685530
pose7,10,4.581289,-1.896822
pose7,10,4.871803,-2.114133
pose7,10,5.169580,-2.341737
pose7,10,5.476377,-2.577026
pose7,10,5.791792,-2.823698
pose7,10,6.117015,-3.081154
pose7,10,6.451726,-3.351059
pose7,10,6.799107,-3.635714
pose7,10,7.158666,-3.933712
pose7,10,7.532680,-4.250404
pose7,10,7.922567,-4.584161
pose7,10,8.327688,-4.938456
pose7,10,8.751835,-5.316456
pose7,10,8.394521,-4.938400
pose7,10,8.048860,-4.580191
pose7,10,7.713339,-4.237960
pose7,10,7.388069,-3.911413
pose7,10,7.071548,-3.598267
pose7,10,6.764306,-3.299184
pose7,10,6.464944,-3.012084
pose7,10,6.172500,-2.735792
pose7,10,5.886106,-2.469252
pose7,10,5.607970,-2.211800
pose7,10,5.334225,-1.963378
pose7,10,5.067077,-1.722251
pose7,10,4.804611,-1.487631
pose7,10,4.546656,-1.260066
pose8,10,0.000000,0.000000
pose8,10,0.155247,0.076429
pose8,10,0.310369,0.153789
pose8,10,0.464521,0.230166
pose8,10,0.618922,0.307677
pose8,10,0.773781,0.384437
pose8,10,0.929303,0.461557
pose8,10,1.084579,0.539086
pose8,10,1.239904,0.618192
pose8,10,1.395487,0.696986
pose8,10,1.552555,0.776594
pose8,10,1.710130,0.857035
pose8,10,1.867577,0.938525
pose8,10,2.026924,1.021071
pose8,10,2.186564,1.103893
pose8,10,2.348515,1.189032
pose8,10,2.510171,1.274709
pose8,10,2.674880,1.363145
pose8,10,2.839462,1.452248
pose8,10,3.006203,1.543187
pose8,10,3.175705,1.636317
pose8,10,3.345746,1.731605
pose8,10,3.518679,1.828139
pose8,10,3.693686,1.928233
pose8,10,3.871498,2.030179
pose8,10,4.051458,2.134724
pose8,10,4.233717,2.242630
pose8,10,4.462262,2.375522
pose8,10,4.694373,2.513134
pose8,10,4.931559,2.654138
pose8,10,5.171831,2.799254
pose8,10,5.416145,2.949138
pose8,10,5.666096,3.102938
pose8,10,5.920180,3.262951
pose8,10,6.180776,3.427569
pose8,10,6.446336,3.597916
pose8,10,6.718161,3.773643
pose8,10,6.995888,3.955923
pose8,10,7.280000,4.145213
pose8,10,7.571022,4.342008
pose8,10,7.870630,4.546175
pose8,10,8.177298,4.758300
pose8,10,8.491349,4.979674
pose8,10,8.817620,5.210386
pose8,10,9.151567,5.451028
pose8,10,9.495285,5.702311
pose8,10,9.852588,5.965445
pose8,10,10.220036,6.241048
pose8,10,10.600069,6.530089
pose8,10,10.572584,6.348597
pose8,10,10.544328,6.169099
pose8,10,10.516771,5.992027
pose8,10,10.489977,5.818298
pose8,10,10.436288,5.666860
pose8,10,10.381704,5.516961
pose8,10,10.327953,5.369730
pose8,10,10.274880,5.224801
pose8,10,10.220969,5.082131
pose8,10,10.167760,4.942449
pose8,10,10.115196,4.803398
pose8,10,10.063280,4.667156
pose8,10,10.011978,4.532133
pose8,10,9.959800,4.399040
pose8,10,9.906760,4.267842
pose8,10,9.857172,4.139718
pose8,10,9.805264,4.012745
pose8,10,9.755287,3.887205
pose8,10,9.704404,3.763307
pose8,10,9.654041,3.639614
pose8,10,9.604091,3.519892
pose8,10,9.553278,3.399792
pose8,10,9.505620,3.282074
pose8,10,9.455633,3.165759
pose8,10,9.407408,3.051218
pose8,10,9.358240,2.936628
pose8,10,9.309421,2.823702
pose8,10,9.261020,2.712036
pose8,10,9.214186,2.602223
pose8,10,9.166378,2.493558
pose8,10,9.118949,2.386027
pose8,10,9.064064,2.229058
pose8,10,9.009485,2.074339
pose8,10,8.955210,1.919189
pose8,10,8.900967,1.765317
pose8,10,8.847000,1.612259
pose8,10,8.791989,1.460008
pose8,10,8.739579,1.308827
pose8,10,8.686098,1.158367
pose8,10,8.632700,1.008723
pose8,10,8.579366,0.858535
pose9,10,0.000000,0.000000
pose9,10,0.045972,0.059958
pose9,10,0.090921,0.119888
pose9,10,0.136847,0.179791
pose9,10,0.181768,0.238690
pose9,10,0.227675,0.298571
pose9,10,0.272597,0.358469
pose9,10,0.317547,0.418399
pose9,10,0.363501,0.478336
pose9,10,0.408460,0.537279
pose9,10,0.453471,0.597281
pose9,10,0.499495,0.657300
pose9,10,0.544589,0.717402
pose9,10,0.589768,0.777603
pose9,10,0.634979,0.836843
pose9,10,0.680223,0.897123
pose9,10,0.725574,0.957530
pose9,10,0.771048,1.017080
pose9,10,0.815571,1.077693
pose9,10,0.861148,1.137366
pose9,10,0.906871,1.198215
pose9,10,0.951750,1.258250
pose9,10,0.996700,1.319375
pose9,10,1.042726,1.379581
pose9,10,1.087931,1.441012
pose9,10,1.133335,1.501675
pose9,10,1.177821,1.562446
pose9,10,1.223405,1.624336
pose9,10,1.269214,1.685486
pose9,10,1.314250,1.746922
pose9,10,1.359397,1.808492
pose9,10,1.405815,1.870374
pose9,10,1.451341,1.932404
pose9,10,1.495972,1.994583
pose9,10,1.541904,2.057106
pose9,10,1.587116,2.119994
pose9,10,1.633490,2.183058
pose9,10,1.678987,2.246299
pose9,10,1.724809,2.308915
pose9,10,1.769759,2.372747
pose9,10,1.816082,2.437006
pose9,10,1.861741,2.500683
pose9,10,1.907574,2.565612
pose9,10,1.953583,2.629731
pose9,10,1.999984,2.694333
pose9,10,2.045536,2.759173
pose9,10,2.092540,2.825567
pose9,10,2.138705,2.891177
pose9,10,2.184026,2.957045
pose9,10,2.231076,3.023763
pose9,10,2.277055,3.089419
pose9,10,2.323499,3.156710
pose9,10,2.370428,3.224614
pose9,10,2.417329,3.292505
pose9,10,2.463944,3.360303
pose9,10,2.510808,3.428429
pose9,10,2.557922,3.497951
pose9,10,2.604513,3.567102
pose9,10,2.651366,3.636607
pose9,10,2.698484,3.706467
pose9,10,2.746177,3.777069
pose9,10,2.793073,3.848052
pose9,10,2.840569,3.919816
pose9,10,2.888687,3.991309
pose9,10,2.935693,4.063892
pose9,10,2.980124,4.114195
pose9,10,3.025230,4.164296
pose9,10,3.069580,4.214872
pose9,10,3.114270,4.265929
pose9,10,3.159672,4.317935
pose9,10,3.205437,4.370451
pose9,10,3.250451,4.423484
pose9,10,3.295098,4.477533
pose9,10,3.341242,4.531006
pose9,10,3.387047,4.586670
pose9,10,3.433249,4.641784
pose9,10,3.478715,4.697479
pose9,10,3.525006,4.754311
pose9,10,3.571715,4.811761
pose9,10,3.618139,4.870408
pose9,10,3.664547,4.929130
pose9,10,3.712299,4.989684
pose9,10,3.758881,5.049164
pose9,10,3.806382,5.109937
pose9,10,3.853173,5.172594
pose9,10,3.900919,5.235443
pose9,10,3.949151,5.297859
pose9,10,3.996683,5.362221
pose9,10,4.045224,5.428043
pose9,10,4.093076,5.493476
